Date,SPX,GLD,USO,SLV,EUR/USD,Price,Volume,Market_Cap
01-02-2008,1447.160034,84.860001,78.470001,15.18,1.471692,84.860001,9076,770189.37
01-03-2008,1447.160034,85.57,78.370003,15.285,1.474491,85.57,5901,504948.57
01-04-2008,1411.630005,85.129997,77.309998,15.167,1.475492,85.129997,6923,589354.97
01-07-2008,1416.180054,84.769997,75.5,15.053,1.468299,84.769997,8517,721986.06
01-08-2008,1390.189941,86.779999,76.059998,15.59,1.557099,86.779999,4842,420188.76
01-09-2008,1409.130005,86.550003,75.25,15.52,1.466405,86.550003,3831,331573.06
01-10-2008,1420.329956,88.25,74.019997,16.061001,1.4801,88.25,7256,640342.0
01-11-2008,1401.02002,88.580002,73.089996,16.077,1.479006,88.580002,8362,740705.98
1/14/2008,1416.25,89.540001,74.25,16.280001,1.4869,89.540001,8688,777923.53
1/15/2008,1380.949951,87.989998,72.779999,15.834,1.48021,87.989998,5063,445493.36
1/16/2008,1373.199951,86.699997,71.849998,15.654,1.466405,86.699997,4873,422489.09
1/17/2008,1333.25,86.5,71.029999,15.717,1.464,86.5,9151,791561.5
1/18/2008,1325.189941,87.419998,71.540001,16.030001,1.461796,87.419998,2537,221784.53
1/22/2008,1310.5,88.169998,70.550003,15.902,1.464794,88.169998,4640,409108.79
1/23/2008,1338.599976,87.889999,69.5,15.9,1.463208,87.889999,9852,865892.27
1/24/2008,1352.069946,90.080002,70.93,16.299999,1.47741,90.080002,7870,708929.62
1/25/2008,1330.609985,90.300003,71.910004,16.298,1.467502,90.300003,9172,828231.63
1/28/2008,1353.959961,91.75,72.349998,16.549999,1.478809,91.75,2091,191849.25
1/29/2008,1362.300049,91.150002,72.980003,16.534,1.477192,91.150002,9621,876954.17
1/30/2008,1355.810059,92.059998,73.080002,16.674999,1.483107,92.059998,2061,189735.66
1/31/2008,1378.550049,91.400002,72.349998,16.818001,1.486503,91.400002,8594,785491.62
02-01-2008,1395.420044,89.349998,70.470001,16.618999,1.479991,89.349998,2605,232756.74
02-04-2008,1380.819946,89.099998,71.370003,16.514999,1.4828,89.099998,6161,548945.09
02-05-2008,1336.640015,87.68,70.150002,16.167,1.463807,87.68,6374,558872.32
02-06-2008,1326.449951,88.949997,69.019997,16.375,1.46171,88.949997,9027,802951.62
02-07-2008,1336.910034,89.849998,69.800003,16.67,1.44789,89.849998,7820,702626.98
02-08-2008,1331.290039,91.0,72.900002,17.025999,1.557099,91.0,4660,424060.0
02-11-2008,1339.130005,91.330002,74.550003,17.4,1.4502,91.330002,3122,285132.27
02-12-2008,1348.859985,89.330002,73.589996,17.033001,1.458194,89.330002,3362,300327.47
2/13/2008,1367.209961,89.440002,74.110001,17.132,1.455604,89.440002,4535,405610.41
2/14/2008,1348.859985,89.709999,75.760002,17.087,1.464408,89.709999,8087,725484.76
2/15/2008,1349.98999,89.150002,75.93,16.952,1.46761,89.150002,4815,429257.26
2/19/2008,1348.780029,91.580002,78.809998,17.378,1.472993,91.580002,8229,753611.84
2/20/2008,1360.030029,93.239998,79.32,17.700001,1.472299,93.239998,8570,799066.78
2/21/2008,1342.530029,93.25,77.330002,17.695999,1.481503,93.25,5160,481170.0
2/22/2008,1353.109985,93.389999,78.599998,17.916,1.482602,93.389999,9116,851343.23
2/25/2008,1371.800049,92.739998,78.739998,17.99,1.483591,92.739998,4540,421039.59
2/26/2008,1381.290039,93.709999,80.099998,18.6,1.49961,93.709999,6767,634135.56
2/27/2008,1380.02002,94.779999,78.919998,19.132999,1.511807,94.779999,9319,883254.81
2/28/2008,1367.680054,95.989998,81.480003,19.666,1.519595,95.989998,6923,664538.76
2/29/2008,1330.630005,96.18,80.419998,19.667999,1.519203,96.18,1281,123206.58
03-03-2008,1331.339966,97.239998,81.32,20.163,1.520011,97.239998,4895,475989.79
03-04-2008,1326.75,95.18,79.400002,19.620001,1.521005,95.18,9894,941710.92
03-05-2008,1333.699951,97.720001,83.300003,20.621,1.527697,97.720001,3954,386384.88
03-06-2008,1304.339966,96.5,83.889999,20.075001,1.538509,96.5,6683,644909.5
03-07-2008,1293.369995,96.089996,83.730003,20.040001,1.533601,96.089996,6266,602099.91
03-10-2008,1273.369995,95.870003,85.629997,19.475,1.534095,95.870003,9860,945278.23
03-11-2008,1320.650024,95.989998,86.339996,19.52,1.534189,95.989998,1397,134098.03
03-12-2008,1308.77002,97.010002,86.919998,19.969999,1.554002,97.010002,3032,294134.33
3/13/2008,1315.47998,98.339996,87.209999,20.406,1.562207,98.339996,5492,540083.26
3/14/2008,1288.140015,98.709999,86.510002,20.421,1.561792,98.709999,3029,298992.59
3/17/2008,1276.599976,99.169998,83.300003,19.98,1.574803,99.169998,2207,218868.19
3/18/2008,1330.73999,96.5,85.800003,19.379,1.565803,96.5,1379,133073.5
3/19/2008,1298.420044,93.040001,82.290001,18.250999,1.563893,93.040001,7990,743389.61
3/20/2008,1329.51001,89.910004,81.300003,16.701,1.544211,89.910004,8771,788600.65
3/24/2008,1349.880005,90.099998,80.260002,16.787001,1.543496,90.099998,5058,455725.79
3/25/2008,1352.98999,92.730003,81.470001,17.775,1.561207,92.730003,9502,881120.49
3/26/2008,1341.130005,93.800003,84.809998,18.225,1.582404,93.800003,3969,372292.21
3/27/2008,1325.76001,93.459999,85.730003,18.32,1.581403,93.459999,2415,225705.9
3/28/2008,1315.219971,91.879997,84.370003,17.75,1.576094,91.879997,4224,388101.11
04-01-2008,1370.180054,86.860001,81.059998,16.6,1.567791,86.860001,2427,210809.22
04-02-2008,1367.530029,89.269997,83.779999,17.246,1.566711,89.269997,8980,801644.57
04-03-2008,1369.310059,89.419998,83.650002,17.23,1.573688,89.419998,8401,751217.4
04-07-2008,1372.540039,91.169998,86.93,17.950001,1.557802,91.169998,6484,591146.27
04-08-2008,1365.540039,90.349998,87.190002,17.507,1.582404,90.349998,6149,555562.14
04-09-2008,1354.48999,92.290001,88.900002,18.014999,1.574208,92.290001,4267,393801.43
04-10-2008,1360.550049,91.769997,88.18,17.812,1.582203,91.769997,2548,233829.95
4/14/2008,1328.319946,91.110001,89.639999,17.514999,1.578607,91.110001,4165,379473.15
4/15/2008,1334.430054,91.660004,91.440002,17.681999,1.595813,91.660004,3661,335567.27
4/16/2008,1364.709961,93.269997,92.150002,18.153999,1.590204,93.269997,4432,413372.63
4/17/2008,1365.560059,92.559998,92.370003,18.01,1.573391,92.559998,7086,655880.15
4/21/2008,1388.170044,90.25,94.379997,17.267,1.598798,90.25,3206,289341.5
4/22/2008,1375.939941,90.269997,95.080002,17.476999,1.587402,90.269997,2301,207711.26
4/23/2008,1379.930054,89.220001,95.18,17.000999,1.568406,89.220001,7095,633015.91
4/24/2008,1388.819946,87.220001,93.199997,16.552,1.563697,87.220001,7439,648829.59
4/28/2008,1396.369995,87.690002,95.690002,16.84,1.556711,87.690002,2811,246496.6
4/29/2008,1390.939941,85.809998,92.989998,16.382,1.562207,85.809998,8426,723035.04
05-01-2008,1409.339966,83.989998,90.379997,15.994,1.5434,83.989998,7864,660497.34
05-05-2008,1407.48999,86.269997,96.739998,16.573999,1.553591,86.269997,5889,508044.01
05-06-2008,1418.26001,86.629997,98.379997,16.73,1.538509,86.629997,6588,570718.42
05-07-2008,1392.569946,85.82,99.800003,16.503,1.546408,85.82,8362,717626.84
05-08-2008,1397.680054,87.239998,100.660004,16.700001,1.548995,87.239998,7046,614693.03
05-12-2008,1403.579956,86.989998,100.110001,16.997,1.5477,86.989998,3498,304291.01
5/13/2008,1403.040039,85.389999,101.709999,16.554001,1.54691,85.389999,9791,836053.48
5/14/2008,1408.660034,85.199997,100.220001,16.365999,1.545094,85.199997,5324,453604.78
5/15/2008,1423.569946,87.0,100.209999,16.555,1.5596,87.0,6794,591078.0
5/19/2008,1426.630005,89.389999,102.800003,16.819,1.565411,89.389999,4734,423172.26
5/20/2008,1413.400024,90.900002,104.300003,17.5,1.578806,90.900002,6096,554126.41
5/21/2008,1390.709961,91.959999,108.309998,17.860001,1.573193,91.959999,3729,342918.84
5/22/2008,1394.349976,90.980003,105.629997,17.780001,1.578507,90.980003,8337,758500.29
5/27/2008,1385.349976,89.360001,104.260002,17.256001,1.565607,89.360001,5475,489246.01
5/28/2008,1390.839966,89.139999,105.919998,17.264999,1.551807,89.139999,9500,846829.99
5/29/2008,1398.26001,86.510002,102.260002,16.478001,1.554098,86.510002,4630,400541.31
06-02-2008,1385.670044,87.959999,103.050003,16.642,1.545022,87.959999,7958,699985.67
06-03-2008,1377.650024,86.879997,100.650002,16.587,1.543258,86.879997,8457,734744.13
06-04-2008,1377.199951,86.650002,98.980003,16.641001,1.558895,86.650002,9032,782622.82
06-05-2008,1404.050049,86.449997,103.949997,16.972,1.578507,86.449997,6670,576621.48
06-09-2008,1361.76001,87.989998,109.050003,16.944,1.546408,87.989998,1168,102772.32
06-10-2008,1358.439941,85.550003,107.019997,16.440001,1.555791,85.550003,7679,656938.47
06-11-2008,1335.48999,87.019997,110.989998,16.700001,1.546097,87.019997,1896,164989.91
06-12-2008,1339.869995,85.599998,111.269997,16.35,1.536901,85.599998,6107,522759.19
6/16/2008,1360.140015,87.010002,108.989998,16.950001,1.552193,87.010002,4377,380842.78
6/17/2008,1350.930054,87.25,108.68,16.902,1.553808,87.25,1973,172144.25
6/18/2008,1337.810059,88.279999,110.889999,17.188999,1.550989,88.279999,3928,346763.84
6/19/2008,1342.829956,88.419998,106.910004,17.153,1.562793,88.419998,7712,681895.02
6/23/2008,1318.0,87.089996,110.919998,16.629999,1.557002,87.089996,1405,122361.44
6/24/2008,1314.290039,87.470001,110.949997,16.492001,1.567398,87.470001,2708,236868.76
6/25/2008,1321.969971,87.419998,108.5,16.625999,1.575299,87.419998,5363,468833.45
6/26/2008,1283.150024,90.610001,113.120003,17.025,1.575299,90.610001,1557,141079.77
07-01-2008,1284.910034,92.660004,114.589996,17.9,1.587806,92.660004,3381,313283.47
07-02-2008,1261.52002,93.169998,116.839996,18.215,1.570007,93.169998,9712,904867.02
07-03-2008,1262.900024,92.059998,116.82,18.000999,1.571388,92.059998,3457,318251.41
07-07-2008,1252.310059,91.230003,114.949997,17.6,1.53339,91.230003,3776,344484.49
07-08-2008,1273.699951,90.860001,109.919998,17.664,1.573589,90.860001,8261,750594.47
07-09-2008,1244.689941,91.5,109.650002,17.950001,1.578507,91.5,5666,518439.0
07-10-2008,1253.390015,93.529999,114.339996,18.120001,1.594896,93.529999,4480,419014.4
7/14/2008,1228.300049,95.910004,117.480003,18.934999,1.589901,95.910004,2306,221168.47
7/15/2008,1214.910034,96.169998,112.389999,18.700001,1.582203,96.169998,6055,582309.34
7/16/2008,1245.359985,94.440002,109.25,18.545,1.58559,94.440002,8382,791596.1
7/17/2008,1260.319946,94.220001,105.529999,18.32,1.585389,94.220001,8915,839971.31
7/21/2008,1260.0,95.120003,106.669998,18.228001,1.579205,95.120003,6896,655947.54
7/22/2008,1277.0,93.059998,103.32,17.759001,1.569243,93.059998,1895,176348.7
7/23/2008,1282.189941,90.57,100.019997,17.190001,1.568874,90.57,3759,340452.63
7/24/2008,1252.540039,91.330002,101.459999,17.26,1.5673,91.330002,8763,800324.81
7/28/2008,1234.369995,91.730003,100.540001,17.360001,1.55909,91.730003,7670,703569.12
7/29/2008,1263.199951,90.589996,98.040001,17.190001,1.557366,90.589996,1657,150107.62
7/30/2008,1284.26001,89.519997,102.129997,17.360001,1.559308,89.519997,8135,728245.18
08-07-2008,1266.069946,86.089996,96.440002,16.07,1.504891,86.089996,3859,332221.29
8/25/2008,1266.839966,80.93,93.099998,13.33,1.464794,80.93,1200,97116.0
8/26/2008,1271.51001,81.230003,93.900002,13.45,1.472581,81.230003,7870,639280.12
8/27/2008,1281.660034,81.360001,95.660004,13.35,1.47141,81.360001,8780,714340.81
8/28/2008,1300.680054,82.18,93.389999,13.55,1.467093,82.18,1351,111025.18
09-02-2008,1277.579956,79.199997,89.190002,12.94,1.448604,79.199997,2072,164102.39
09-03-2008,1274.97998,78.889999,88.440002,12.75,1.426493,78.889999,6759,533217.5
09-04-2008,1236.829956,78.389999,87.019997,12.63,1.427491,78.389999,1641,128637.99
09-08-2008,1267.790039,78.860001,85.93,11.95,1.414847,78.860001,4185,330029.1
09-09-2008,1224.51001,76.489998,82.349998,11.18,1.398406,76.489998,6076,464753.23
09-10-2008,1232.040039,74.220001,82.970001,10.6,1.3996,74.220001,4368,324192.96
09-11-2008,1249.050049,73.080002,81.489998,10.32,1.423994,73.080002,5127,374681.17
9/15/2008,1192.699951,77.559998,76.300003,10.95,1.413507,77.559998,7717,598530.5
9/16/2008,1213.599976,76.790001,74.989998,10.4,1.432932,76.790001,6587,505815.74
9/17/2008,1156.390015,85.459999,77.5,11.9,1.430492,85.459999,2643,225870.78
9/18/2008,1206.51001,82.800003,79.169998,11.89,1.441795,82.800003,2407,199299.61
9/22/2008,1207.089966,89.18,87.620003,13.35,1.469292,89.18,4743,422980.74
9/23/2008,1188.219971,88.32,86.129997,13.18,1.463315,88.32,5777,510224.64
9/24/2008,1185.869995,86.709999,84.860001,13.09,1.464193,86.709999,8666,751428.85
9/25/2008,1209.180054,86.449997,86.690002,13.03,1.459897,86.449997,1334,115324.3
9/29/2008,1106.420044,89.57,77.089996,12.95,1.409642,89.57,2778,248825.46
9/30/2008,1166.359985,85.07,82.010002,11.85,1.40162,85.07,6139,522244.73
10-01-2008,1161.060059,85.970001,79.589996,12.33,1.380796,85.970001,6914,594396.59
10-02-2008,1114.280029,82.330002,75.82,10.8,1.378493,82.330002,2157,177585.81
10-06-2008,1056.890015,84.279999,71.610001,10.75,1.358806,84.279999,7949,669941.71
10-07-2008,996.22998,87.269997,72.489998,11.38,1.495707,87.269997,9553,833690.28
10-08-2008,984.940002,89.419998,72.260002,11.51,1.359804,89.419998,7689,687550.36
10-09-2008,909.919983,89.900002,69.599998,11.95,1.3398,89.900002,7281,654561.91
10/13/2008,1003.349976,81.989998,67.779999,10.59,1.361804,81.989998,6842,560975.57
10/14/2008,998.01001,82.199997,65.029999,10.86,1.344393,82.199997,5687,467471.38
10/15/2008,907.840027,83.309998,60.73,10.27,1.349,83.309998,7483,623408.72
10/16/2008,946.429993,79.290001,59.34,9.6,1.3423,79.290001,5265,417461.86
10/20/2008,985.400024,78.5,61.799999,9.77,1.306114,78.5,5761,452238.5
10/21/2008,955.049988,76.029999,58.77,9.98,1.281673,76.029999,1219,92680.57
10/22/2008,896.780029,71.709999,54.93,9.45,1.294498,71.709999,6672,478449.11
10/23/2008,908.109985,70.650002,56.599998,9.38,1.262993,70.650002,6196,437747.41
10/27/2008,848.919983,72.18,50.849998,8.85,1.246463,72.18,4164,300557.52
10/28/2008,940.51001,73.790001,53.220001,9.05,1.280902,73.790001,4814,355225.06
10/29/2008,930.090027,74.0,55.68,9.67,1.295924,74.0,9657,714618.0
10/30/2008,954.090027,72.709999,54.0,9.68,1.286803,72.709999,1483,107828.93
10/31/2008,968.75,71.339996,55.59,9.58,1.270196,71.339996,1967,140325.77
11-03-2008,966.299988,71.099998,52.490002,9.62,1.261798,71.099998,4256,302601.59
11-04-2008,1005.75,75.480003,57.380001,10.12,1.298398,75.480003,7244,546777.14
11-05-2008,952.77002,72.800003,53.84,10.21,1.291806,72.800003,9663,703466.43
11-06-2008,904.880005,72.220001,50.150002,9.9,1.269503,72.220001,3568,257680.96
11-07-2008,930.98999,72.5,50.040001,9.94,1.271407,72.5,5416,392660.0
11-10-2008,919.210022,73.580002,51.23,10.06,1.274795,73.580002,6275,461714.51
11-11-2008,898.950012,72.050003,48.110001,9.64,1.251596,72.050003,1374,98996.7
11-12-2008,852.299988,70.0,45.75,9.17,1.245904,70.0,6638,464660.0
11/13/2008,911.289978,72.150002,49.0,9.3,1.278871,72.150002,9489,684631.37
11/14/2008,873.289978,73.300003,46.18,9.36,1.2597,73.300003,7052,516911.62
11/17/2008,850.75,72.650002,45.16,9.18,1.264398,72.650002,3834,278540.11
11/18/2008,859.119995,72.510002,44.77,9.48,1.263695,72.510002,3000,217530.01
11/19/2008,806.580017,72.260002,43.259998,9.1,1.250531,72.260002,5223,377413.99
11/20/2008,752.440002,73.449997,39.549999,8.86,1.243905,73.449997,1682,123542.89
11/21/2008,800.030029,78.849998,41.0,9.52,1.259097,78.849998,8587,677084.93
11/24/2008,851.809998,80.910004,44.130001,10.43,1.291773,80.910004,1219,98629.29
11/25/2008,857.390015,80.870003,41.360001,10.19,1.303407,80.870003,3248,262665.77
11/26/2008,887.679993,80.379997,44.540001,10.19,1.289923,80.379997,7124,572627.1
11/28/2008,896.23999,80.309998,42.09,10.23,1.269793,80.309998,1148,92195.88
12-01-2008,816.210022,75.650002,39.889999,9.18,1.259906,75.650002,4969,375904.86
12-02-2008,848.809998,76.949997,38.5,9.49,1.271326,76.949997,4358,335348.09
12-03-2008,870.73999,76.18,38.049999,9.51,1.270793,76.18,2713,206676.34
12-04-2008,845.219971,75.5,35.41,9.38,1.2774,75.5,4141,312645.5
12-05-2008,876.070007,74.519997,34.25,9.4,1.271698,74.519997,7518,560241.34
12-08-2008,909.700012,76.199997,36.119999,9.89,1.491803,76.199997,1015,77343.0
12-09-2008,888.669983,76.330002,34.450001,9.7,1.292608,76.330002,5268,402106.45
12-10-2008,899.23999,79.75,35.810001,10.12,1.301406,79.75,8072,643742.0
12-11-2008,873.590027,80.650002,38.639999,10.2,1.332996,80.650002,2685,216545.26
12-12-2008,879.72998,80.809998,38.099998,10.14,1.335399,80.809998,2941,237662.2
12/15/2008,868.570007,82.599998,36.84,10.55,1.3696,82.599998,4779,394745.39
12/16/2008,913.179993,84.459999,36.439999,11.03,1.406193,84.459999,5495,464107.69
12/17/2008,904.419983,85.43,34.810001,11.29,1.440839,85.43,2039,174191.77
12/18/2008,885.280029,83.870003,32.73,10.84,1.429307,83.870003,5908,495503.98
12/19/2008,887.880005,82.629997,33.060001,10.67,1.392603,82.629997,2167,179059.2
12/22/2008,871.630005,83.459999,30.629999,10.73,1.395907,83.459999,3017,251798.82
12/23/2008,863.159973,82.629997,30.0,10.16,1.393787,82.629997,3256,269043.27
12/24/2008,868.150024,83.459999,29.02,10.28,1.400894,83.459999,2331,194545.26
12/26/2008,872.799988,85.599998,29.1,10.64,1.402702,85.599998,8037,687967.18
12/29/2008,869.419983,86.349998,30.92,10.77,1.403903,86.349998,8947,772573.43
12/30/2008,890.640015,85.900002,30.200001,10.82,1.414007,85.900002,6907,593311.31
12/31/2008,903.25,86.519997,33.099998,11.2,1.397995,86.519997,2875,248744.99
01-02-2009,931.799988,86.230003,35.630001,11.41,1.392292,86.230003,6560,565668.82
01-05-2009,927.450012,84.480003,37.299999,11.11,1.364592,84.480003,1782,150543.37
01-06-2009,934.700012,85.129997,37.25,11.34,1.351004,85.129997,3877,330049.0
01-07-2009,906.650024,82.75,33.27,10.86,1.3611,82.75,2676,221439.0
01-08-2009,909.72998,84.459999,33.200001,10.99,1.369901,84.459999,7320,618247.19
01-09-2009,890.349976,83.919998,32.369999,11.1,1.345497,83.919998,8669,727502.46
01-12-2009,870.26001,80.760002,30.65,10.5,1.336005,80.760002,2311,186636.36
1/13/2009,871.789978,80.879997,31.84,10.6,1.320202,80.879997,7698,622614.22
1/14/2009,842.619995,79.790001,31.23,10.45,1.321702,79.790001,1983,158223.57
1/15/2009,843.73999,80.389999,30.18,10.49,1.315807,80.389999,7601,611044.38
1/16/2009,850.119995,82.709999,29.860001,11.11,1.329204,82.709999,4705,389150.55
1/20/2009,805.219971,84.519997,28.66,11.09,1.288494,84.519997,4805,406118.59
1/21/2009,840.23999,84.150002,31.030001,11.18,1.300508,84.150002,4566,384228.91
1/22/2009,827.5,84.580002,30.02,11.33,1.300678,84.580002,1326,112153.08
1/23/2009,831.950012,88.529999,32.330002,11.85,1.296496,88.529999,8363,740376.38
1/26/2009,836.570007,88.949997,32.139999,11.9,1.319192,88.949997,3320,295313.99
1/27/2009,845.710022,88.379997,29.5,11.85,1.321598,88.379997,8142,719589.94
1/28/2009,874.090027,87.419998,29.75,11.86,1.315322,87.419998,3342,292157.63
1/29/2009,845.140015,89.5,29.219999,12.26,1.293795,89.5,4368,390936.0
1/30/2009,825.880005,91.309998,29.219999,12.52,1.283697,91.309998,3334,304427.53
02-02-2009,825.440002,88.839996,28.4,12.21,1.281493,88.839996,4079,362378.34
02-03-2009,838.51001,88.470001,28.870001,12.32,1.301287,88.470001,6707,593368.3
02-04-2009,832.22998,89.18,28.27,12.42,1.285562,89.18,9839,877442.02
02-05-2009,845.849976,90.120003,28.809999,12.75,1.279116,90.120003,5890,530806.82
02-06-2009,868.599976,89.589996,28.200001,12.91,1.292708,89.589996,3153,282477.26
02-09-2009,869.890015,88.32,28.25,12.72,1.295908,88.32,6256,552529.92
02-10-2009,827.159973,90.209999,26.91,12.98,1.291406,90.209999,8307,749374.46
02-11-2009,833.73999,92.290001,26.08,13.34,1.286803,92.290001,9720,897058.81
02-12-2009,835.190002,93.169998,26.129999,13.33,1.289092,93.169998,2831,263764.26
2/13/2009,826.840027,92.550003,25.6,13.54,1.286604,92.550003,1310,121240.5
2/17/2009,789.169983,95.449997,23.459999,13.99,1.258194,95.449997,8870,846641.47
2/18/2009,788.419983,96.910004,22.860001,14.17,1.256897,96.910004,9023,874418.97
2/19/2009,778.940002,95.769997,24.280001,13.89,1.265903,95.769997,8303,795178.29
2/20/2009,770.049988,97.800003,24.35,14.25,1.293293,97.800003,3063,299561.41
2/23/2009,743.330017,97.730003,23.32,14.34,1.267813,97.730003,3115,304428.96
2/24/2009,773.140015,94.730003,24.440001,13.61,1.287399,94.730003,1899,179892.28
2/25/2009,764.900024,93.150002,26.0,13.49,1.272426,93.150002,5676,528719.41
2/26/2009,752.830017,93.059998,27.23,12.97,1.272054,93.059998,3797,353348.81
2/27/2009,735.090027,92.629997,27.049999,12.88,1.267893,92.629997,1845,170902.34
03-02-2009,700.820007,90.93,24.48,12.77,1.256408,90.93,9557,869018.01
03-03-2009,696.330017,90.040001,25.389999,12.65,1.25318,90.040001,1567,141092.68
03-04-2009,712.869995,88.989998,27.610001,12.78,1.263807,88.989998,8109,721619.89
03-05-2009,682.549988,91.989998,26.559999,13.15,1.254674,91.989998,5702,524526.97
03-06-2009,683.380005,92.290001,27.99,13.18,1.263807,92.290001,5554,512578.67
03-09-2009,676.530029,90.57,28.65,12.77,1.262276,90.57,7907,716136.99
03-10-2009,719.599976,88.139999,27.83,12.45,1.271666,88.139999,1003,88404.42
03-11-2009,721.359985,89.220001,26.299999,12.59,1.280672,89.220001,7393,659603.47
03-12-2009,750.73999,91.099998,28.23,12.79,1.28989,91.099998,7813,711764.28
3/13/2009,756.549988,91.300003,27.629999,13.05,1.292992,91.300003,7109,649051.72
3/16/2009,753.890015,90.800003,28.25,12.79,1.297606,90.800003,9946,903096.83
3/17/2009,778.119995,90.040001,29.440001,12.6,1.303322,90.040001,5486,493959.45
3/18/2009,794.349976,93.089996,29.610001,12.77,1.348399,93.089996,8456,787169.01
3/19/2009,784.039978,94.349998,30.360001,13.42,1.366195,94.349998,5512,520057.19
3/20/2009,768.539978,93.589996,30.76,13.61,1.358197,93.589996,6426,601409.31
3/23/2009,822.919983,92.080002,31.780001,13.46,1.362045,92.080002,3301,303956.09
3/24/2009,806.119995,90.949997,31.610001,13.25,1.348127,90.949997,3785,344245.74
3/25/2009,813.880005,91.980003,31.209999,13.35,1.3577,91.980003,9810,902323.83
3/26/2009,832.859985,91.93,32.02,13.35,1.35307,91.93,6571,604072.03
3/27/2009,815.940002,90.690002,30.75,13.15,1.329204,90.690002,8059,730870.73
3/30/2009,787.530029,89.980003,28.700001,12.85,1.324696,89.980003,4256,382954.89
3/31/2009,797.869995,90.279999,29.049999,12.79,1.3241,90.279999,2496,225338.88
04-01-2009,811.080017,91.029999,28.58,12.84,1.346692,91.029999,7092,645584.75
04-02-2009,834.380005,88.800003,30.98,12.77,1.348909,88.800003,6527,579597.62
04-06-2009,835.47998,85.269997,30.23,11.94,1.327739,85.269997,8066,687787.8
04-07-2009,815.549988,86.739998,28.940001,12.07,1.325135,86.739998,5948,515929.51
04-08-2009,825.159973,86.610001,29.49,12.14,1.315997,86.610001,3401,294560.61
04-09-2009,856.559998,86.309998,30.690001,12.17,1.317593,86.309998,4499,388308.68
4/13/2009,858.72998,87.879997,29.68,12.57,1.327404,87.879997,3528,310040.63
4/14/2009,841.5,87.370003,29.209999,12.54,1.322594,87.370003,8592,750683.07
4/15/2009,852.059998,87.5,29.309999,12.55,1.318044,87.5,4187,366362.5
4/16/2009,865.299988,85.809998,29.290001,12.06,1.304495,85.809998,7681,659106.59
4/20/2009,832.390015,86.949997,27.219999,11.89,1.293494,86.949997,6731,585260.43
4/21/2009,850.080017,86.889999,27.33,11.86,1.300576,86.889999,1709,148495.01
4/22/2009,843.549988,87.379997,27.34,12.13,1.314095,87.379997,6623,578717.72
4/23/2009,851.919983,88.800003,27.879999,12.54,1.325803,88.800003,2448,217382.41
4/27/2009,857.51001,89.010002,28.08,12.66,1.313094,89.010002,1424,126750.24
4/28/2009,855.159973,87.75,27.85,12.3,1.326594,87.75,7171,629255.25
4/29/2009,873.640015,88.330002,28.559999,12.55,1.323522,88.330002,6926,611773.59
4/30/2009,872.809998,87.269997,28.629999,12.21,1.326805,87.269997,7263,633841.99
05-04-2009,907.23999,88.639999,30.559999,12.83,1.331593,88.639999,7847,695558.07
05-05-2009,903.799988,88.25,30.15,13.14,1.331292,88.25,8419,742976.75
05-06-2009,919.530029,89.540001,31.43,13.52,1.339208,89.540001,1282,114790.28
05-07-2009,907.390015,89.440002,31.49,13.6,1.363903,89.440002,2332,208574.08
05-11-2009,909.23999,89.690002,32.290001,13.74,1.364498,89.690002,1589,142517.41
05-12-2009,908.349976,90.699997,32.630001,14.02,1.358862,90.699997,2815,255320.49
5/13/2009,883.919983,91.089996,32.189999,13.81,1.363605,91.089996,1538,140096.41
5/14/2009,893.070007,91.029999,32.400002,13.85,1.350202,91.029999,7937,722505.1
5/18/2009,909.710022,90.360001,32.709999,13.58,1.363234,90.360001,9801,885618.37
5/19/2009,908.130005,90.959999,32.790001,13.98,1.377297,90.959999,9530,866848.79
5/20/2009,903.469971,92.25,33.869999,14.1,1.390608,92.25,1294,119371.5
5/21/2009,888.330017,93.849998,33.380001,14.34,1.400305,93.849998,8219,771353.13
5/26/2009,910.330017,93.760002,34.110001,14.42,1.383394,93.760002,5881,551402.57
5/27/2009,893.059998,93.449997,34.580002,14.58,1.393107,93.449997,3175,296703.74
5/28/2009,906.830017,94.239998,35.34,14.93,1.415709,94.239998,4762,448770.87
06-01-2009,942.869995,95.730003,37.43,15.35,1.430861,95.730003,3395,325003.36
06-02-2009,944.73999,96.360001,37.610001,15.75,1.414968,96.360001,2592,249765.12
06-03-2009,931.76001,94.410004,36.25,15.14,1.417796,94.410004,3738,352904.59
06-04-2009,942.460022,96.230003,37.689999,15.63,1.397194,96.230003,7001,673706.25
06-08-2009,939.140015,93.559998,37.540001,14.76,1.406331,93.559998,7196,673257.75
06-09-2009,942.429993,93.830002,38.189999,15.03,1.398386,93.830002,2747,257751.02
06-10-2009,939.150024,93.860001,38.970001,15.01,1.411094,93.860001,8858,831411.89
06-11-2009,944.890015,93.699997,39.68,15.13,1.400109,93.699997,9366,877594.17
6/15/2009,923.719971,91.099998,38.52,13.83,1.382992,91.099998,4211,383622.09
6/16/2009,911.969971,91.93,38.509998,13.99,1.393806,91.93,7491,688647.63
6/17/2009,910.710022,92.349998,38.700001,14.12,1.391498,92.349998,9563,883143.03
6/18/2009,918.369995,91.610001,38.849998,13.97,1.3947,91.610001,9632,882387.53
6/22/2009,893.039978,90.540001,36.25,13.54,1.407202,90.540001,7833,709199.83
6/23/2009,895.099976,90.919998,37.41,13.62,1.394097,90.919998,5422,492968.23
6/24/2009,900.940002,91.449997,37.09,13.68,1.398562,91.449997,6586,602289.68
6/25/2009,920.26001,92.309998,38.049999,13.81,1.405304,92.309998,5406,499027.85
6/29/2009,927.22998,92.040001,38.669998,13.66,1.403883,92.040001,4503,414456.12
6/30/2009,919.320007,91.18,37.93,13.38,1.414087,91.18,9237,842229.66
07-01-2009,923.330017,92.389999,37.459999,13.55,1.395751,92.389999,3564,329277.96
07-02-2009,896.419983,91.25,36.049999,13.16,1.396005,91.25,5074,463002.5
07-06-2009,898.719971,90.760002,34.709999,13.1,1.391595,90.760002,9517,863762.94
07-07-2009,881.030029,90.709999,33.810001,12.89,1.387906,90.709999,3610,327463.1
07-08-2009,879.559998,89.269997,32.57,12.69,1.4028,89.269997,1469,131137.63
07-09-2009,882.679993,89.510002,32.77,12.67,1.393398,89.510002,4453,398588.04
7/13/2009,901.049988,90.190002,32.369999,12.66,1.397155,90.190002,6776,611127.45
7/14/2009,905.840027,90.809998,32.110001,12.72,1.410199,90.809998,6360,577551.59
7/15/2009,932.679993,92.239998,33.470001,13.06,1.414107,92.239998,8598,793079.5
7/16/2009,940.73999,91.980003,33.560001,13.09,1.410497,91.980003,6461,594282.8
7/20/2009,951.130005,93.279999,34.830002,13.45,1.41985,93.279999,8581,800435.67
7/21/2009,954.580017,93.129997,34.939999,13.33,1.420596,93.129997,5023,467791.97
7/22/2009,954.070007,93.440002,34.810001,13.45,1.41633,93.440002,5224,488130.57
7/23/2009,976.289978,93.260002,35.790001,13.52,1.421202,93.260002,2891,269614.67
7/27/2009,982.179993,93.709999,36.32,13.84,1.414607,93.709999,3380,316739.8
7/28/2009,979.619995,92.110001,35.759998,13.52,1.401463,92.110001,2728,251276.08
7/29/2009,975.150024,91.199997,33.470001,13.12,1.40849,91.199997,1492,136070.4
7/30/2009,986.75,91.620003,35.490002,13.25,1.426005,91.620003,9208,843636.99
08-03-2009,1002.630005,93.870003,37.919998,14.03,1.441961,93.870003,5611,526704.59
08-04-2009,1005.650024,94.68,37.970001,14.35,1.441171,94.68,2294,217195.92
08-05-2009,1002.719971,94.779999,38.200001,14.52,1.437298,94.779999,4763,451437.14
08-06-2009,997.080017,94.599998,38.27,14.32,1.419104,94.599998,2270,214742.0
08-10-2009,1007.099976,92.93,37.709999,14.15,1.415008,92.93,3809,353970.37
08-11-2009,994.349976,92.790001,36.860001,14.09,1.421707,92.790001,3569,331167.51
08-12-2009,1005.809998,92.949997,37.349998,14.34,1.427593,92.949997,8861,823629.92
8/13/2009,1012.72998,93.720001,37.799999,14.79,1.420697,93.720001,5293,496059.97
8/17/2009,979.72998,91.610001,35.52,13.75,1.416511,91.610001,2780,254675.8
8/18/2009,989.669983,92.059998,36.860001,13.72,1.425395,92.059998,3055,281243.29
8/19/2009,996.460022,92.529999,38.119999,13.57,1.426005,92.529999,2136,197644.08
8/20/2009,1007.369995,92.269997,37.669998,13.7,1.43209,92.269997,1731,159719.36
8/24/2009,1025.569946,92.339996,38.299999,13.9,1.428408,92.339996,4655,429842.68
8/25/2009,1028.0,92.760002,37.169998,14.04,1.423629,92.760002,5765,534761.41
8/26/2009,1028.119995,92.790001,36.950001,14.09,1.437298,92.790001,2999,278277.21
8/27/2009,1030.97998,93.190002,37.720001,14.08,1.435998,93.190002,1103,102788.57
8/31/2009,1020.619995,93.400002,36.049999,14.62,1.421202,93.400002,7249,677056.61
09-01-2009,998.039978,93.900002,35.27,14.76,1.427409,93.900002,6116,574292.41
09-02-2009,994.75,96.190002,35.18,15.22,1.425639,96.190002,4409,424101.72
09-03-2009,1003.23999,97.459999,35.32,15.87,1.429409,97.459999,6281,612146.25
09-08-2009,1025.390015,97.43,36.939999,16.15,1.454799,97.43,2959,288295.37
09-09-2009,1033.369995,97.080002,36.939999,16.059999,1.45813,97.080002,8798,854109.86
09-10-2009,1044.140015,97.699997,37.369999,16.41,1.458002,97.699997,4702,459385.39
9/14/2009,1049.339966,97.959999,35.709999,16.309999,1.467093,97.959999,9602,940611.91
9/15/2009,1052.630005,98.900002,36.700001,16.780001,1.471194,98.900002,8263,817210.72
9/16/2009,1068.76001,99.910004,37.43,17.139999,1.473297,99.910004,1007,100609.37
9/17/2009,1065.48999,99.339996,37.490002,16.950001,1.471605,99.339996,4172,414446.46
9/21/2009,1064.660034,98.360001,35.849998,16.540001,1.481196,98.360001,5562,547078.33
9/22/2009,1071.660034,99.669998,36.98,16.879999,1.472602,99.669998,6600,657821.99
9/23/2009,1060.869995,98.830002,35.130001,16.540001,1.465094,98.830002,2441,241244.03
9/24/2009,1050.780029,97.550003,33.970001,15.99,1.468493,97.550003,5182,505504.12
9/28/2009,1062.97998,97.050003,34.509998,15.91,1.459172,97.050003,6778,657804.92
9/29/2009,1060.609985,97.43,34.310001,15.89,1.465502,97.43,6546,637776.78
9/30/2009,1057.079956,98.849998,36.189999,16.379999,1.451589,98.849998,6740,666248.99
10-01-2009,1029.849976,97.889999,36.23,16.040001,1.459002,97.889999,9492,929171.87
10-05-2009,1040.459961,99.82,36.18,16.379999,1.472169,99.82,8307,829204.74
10-06-2009,1054.719971,102.279999,36.540001,17.08,1.471151,102.279999,7146,730892.87
10-07-2009,1057.579956,102.360001,35.959999,17.25,1.478131,102.360001,8942,915303.13
10-08-2009,1065.47998,103.639999,36.68,17.52,1.473405,103.639999,5307,550017.47
10-12-2009,1076.189941,103.559998,37.689999,17.48,1.484605,103.559998,9431,976674.34
10/13/2009,1073.189941,104.260002,38.150002,17.48,1.493206,104.260002,2543,265133.19
10/14/2009,1092.02002,104.18,38.610001,17.559999,1.495595,104.18,9307,969603.26
10/15/2009,1096.560059,102.860001,39.91,17.059999,1.490802,102.860001,5326,547832.37
10/19/2009,1097.910034,104.230003,40.759998,17.440001,1.493451,104.230003,4602,479666.47
10/20/2009,1091.060059,103.419998,40.389999,17.200001,1.50069,103.419998,2309,238796.78
10/21/2009,1081.400024,103.75,41.330002,17.360001,1.504189,103.75,9023,936136.25
10/22/2009,1092.910034,103.919998,41.470001,17.32,1.501006,103.919998,2969,308538.47
10/26/2009,1066.949951,101.860001,40.130001,16.790001,1.486171,101.860001,7513,765274.19
10/27/2009,1063.410034,101.849998,40.59,16.34,1.481701,101.849998,9815,999657.73
10/28/2009,1042.630005,100.730003,39.459999,15.86,1.4718,100.730003,9975,1004781.78
10/29/2009,1066.109985,102.690002,40.900002,16.41,1.48401,102.690002,2476,254260.44
10/30/2009,1036.189941,102.529999,39.32,16.07,1.473297,102.529999,8649,886781.96
11-02-2009,1042.880005,103.949997,39.970001,16.16,1.47741,103.949997,9723,1010705.82
11-03-2009,1045.410034,106.459999,40.619999,17.0,1.473101,106.459999,2830,301281.8
11-04-2009,1046.5,107.099998,40.990002,17.139999,1.4869,107.099998,9541,1021841.08
11-05-2009,1066.630005,106.980003,40.799999,17.120001,1.487807,106.980003,9641,1031394.21
11-06-2009,1069.300049,107.43,39.700001,17.09,1.484891,107.43,6164,662198.52
11-09-2009,1093.079956,108.190002,40.5,17.290001,1.500803,108.190002,4412,477334.29
11-10-2009,1093.01001,108.389999,40.41,17.030001,1.498981,108.389999,4076,441797.64
11-11-2009,1098.51001,109.599998,40.549999,17.290001,1.498397,109.599998,7230,792407.99
11-12-2009,1087.23999,108.209999,39.27,16.92,1.485685,108.209999,6432,696006.71
11/13/2009,1093.47998,109.739998,39.119999,17.15,1.490891,109.739998,8124,891527.74
11/16/2009,1109.300049,111.629997,40.290001,18.01,1.498374,111.629997,1131,126253.53
11/17/2009,1110.319946,111.970001,40.48,18.129999,1.487697,111.970001,7636,855002.93
11/18/2009,1109.800049,112.25,40.669998,18.23,1.495394,112.25,5412,607497.0
11/19/2009,1094.900024,112.300003,39.66,18.26,1.491625,112.300003,6376,716024.82
11/20/2009,1091.380005,112.940002,39.419998,18.219999,1.486392,112.940002,2814,317813.17
11/23/2009,1106.23999,114.290001,39.380001,18.27,1.4962,114.290001,9999,1142785.72
11/24/2009,1105.650024,114.730003,38.580002,18.25,1.49667,114.730003,6649,762839.79
11/25/2009,1110.630005,116.620003,39.5,18.52,1.512791,116.620003,8693,1013777.69
11/27/2009,1091.48999,115.059998,38.5,17.950001,1.499093,115.059998,2248,258654.88
11/30/2009,1095.630005,115.639999,39.150002,18.15,1.503895,115.639999,9907,1145645.47
12-01-2009,1108.859985,117.379997,39.619999,18.780001,1.509001,117.379997,5432,637608.14
12-02-2009,1109.23999,119.18,38.84,18.889999,1.506977,119.18,2043,243484.74
12-03-2009,1099.920044,118.699997,38.52,18.620001,1.506546,118.699997,8109,962538.28
12-04-2009,1105.97998,113.75,38.330002,18.15,1.485707,113.75,6394,727317.5
12-07-2009,1103.25,113.110001,37.490002,17.82,1.48412,113.110001,1024,115824.64
12-08-2009,1091.939941,110.949997,36.849998,17.299999,1.469702,110.949997,1400,155330.0
12-09-2009,1095.949951,110.839996,35.869999,17.15,1.473796,110.839996,8350,925513.97
12-10-2009,1102.349976,110.82,35.73,17.09,1.472949,110.82,9569,1060436.58
12-11-2009,1106.410034,109.32,35.48,16.870001,1.461903,109.32,7348,803283.36
12/14/2009,1114.109985,110.239998,35.580002,17.08,1.465695,110.239998,6737,742686.87
12/15/2009,1107.930054,110.209999,35.93,17.09,1.454207,110.209999,3648,402046.08
12/16/2009,1109.180054,111.589996,36.740002,17.360001,1.452602,111.589996,8236,919055.21
12/17/2009,1096.079956,107.339996,36.360001,16.790001,1.4347,107.339996,6711,720358.71
12/18/2009,1102.469971,108.949997,36.66,16.950001,1.434905,108.949997,5200,566539.98
12/21/2009,1114.050049,106.949997,36.16,16.690001,1.428674,106.949997,1726,184595.69
12/22/2009,1118.02002,106.169998,36.560001,16.639999,1.425436,106.169998,6936,736395.11
12/23/2009,1120.589966,106.550003,37.740002,16.809999,1.43361,106.550003,9814,1045681.73
12/24/2009,1126.47998,108.360001,38.200001,17.17,1.438497,108.360001,2841,307850.76
12/28/2009,1127.780029,108.550003,38.860001,17.219999,1.437505,108.550003,7200,781560.02
12/29/2009,1126.199951,107.470001,38.84,16.809999,1.434309,107.470001,7180,771634.61
12/30/2009,1126.420044,106.93,39.139999,16.530001,1.434206,106.93,7479,799729.47
12/31/2009,1115.099976,107.309998,39.279999,16.540001,1.432706,107.309998,8331,893999.59
01-04-2010,1132.98999,109.800003,40.27,17.23,1.442398,109.800003,8124,892015.22
01-05-2010,1136.52002,109.699997,40.41,17.51,1.436596,109.699997,8298,910290.58
01-06-2010,1137.140015,111.510002,40.970001,17.860001,1.440403,111.510002,6828,761390.29
01-07-2010,1141.689941,110.82,40.720001,17.889999,1.431803,110.82,9030,1000704.6
01-08-2010,1144.97998,111.370003,40.93,18.15,1.441109,111.370003,3953,440245.62
01-11-2010,1146.97998,112.849998,40.540001,18.209999,1.451126,112.849998,1674,188910.9
01-12-2010,1136.219971,110.489998,39.630001,17.91,1.44766,110.489998,2600,287273.99
1/13/2010,1145.680054,111.540001,39.209999,18.27,1.452391,111.540001,1178,131394.12
1/14/2010,1148.459961,112.029999,39.060001,18.309999,1.44999,112.029999,2044,228989.32
1/15/2010,1136.030029,110.860001,38.400002,18.049999,1.439097,110.860001,7523,833999.79
1/19/2010,1150.22998,111.519997,38.93,18.450001,1.428102,111.519997,2857,318612.63
1/20/2010,1138.040039,108.940002,37.889999,17.57,1.411034,108.940002,9650,1051271.02
1/21/2010,1116.47998,107.370003,37.240002,17.07,1.409702,107.370003,3066,329196.43
1/22/2010,1091.76001,107.169998,36.34,16.780001,1.414107,107.169998,7394,792414.97
1/25/2010,1096.780029,107.480003,36.810001,16.83,1.415008,107.480003,9157,984194.39
1/26/2010,1092.170044,107.559998,36.5,16.43,1.408232,107.559998,8851,952013.54
1/27/2010,1097.5,106.529999,36.080002,16.26,1.403095,106.529999,9418,1003299.53
1/28/2010,1084.530029,106.480003,36.16,15.92,1.396804,106.480003,8296,883358.1
1/29/2010,1073.869995,105.959999,35.639999,15.9,1.386693,105.959999,6371,675071.15
02-01-2010,1089.189941,108.349998,36.720001,16.360001,1.392699,108.349998,7295,790413.24
02-02-2010,1103.319946,109.129997,37.529999,16.35,1.397624,109.129997,5987,653361.29
02-03-2010,1097.280029,108.699997,37.650002,16.07,1.390105,108.699997,6314,686331.78
02-04-2010,1063.109985,104.370003,35.799999,15.04,1.374495,104.370003,1913,199659.82
02-05-2010,1066.189941,104.68,35.209999,14.9,1.368008,104.68,5216,546010.88
02-08-2010,1056.73999,104.040001,35.09,14.75,1.365467,104.040001,6787,706119.49
02-09-2010,1070.52002,105.410004,36.209999,15.12,1.378208,105.410004,9532,1004768.16
02-10-2010,1068.130005,105.120003,36.509998,14.95,1.375327,105.120003,3430,360561.61
02-11-2010,1078.469971,107.129997,36.779999,15.37,1.368176,107.129997,6388,684346.42
02-12-2010,1075.51001,107.040001,36.310001,15.24,1.363494,107.040001,8414,900634.57
2/16/2010,1094.869995,109.620003,37.790001,15.82,1.376709,109.620003,4702,515433.25
2/17/2010,1099.51001,109.25,37.970001,15.74,1.360692,109.25,8863,968282.75
2/18/2010,1106.75,109.980003,38.73,15.88,1.346149,109.980003,2642,290567.17
2/19/2010,1109.170044,109.470001,39.09,15.97,1.361507,109.470001,9450,1034491.51
2/22/2010,1108.01001,109.07,39.029999,15.9,1.360563,109.07,4322,471400.54
2/23/2010,1094.599976,107.889999,38.330002,15.57,1.352704,107.889999,5533,596955.36
2/24/2010,1105.23999,107.360001,38.990002,15.62,1.354316,107.360001,2663,285899.68
2/25/2010,1102.939941,108.309998,38.110001,15.77,1.353601,108.309998,3238,350707.77
2/26/2010,1104.48999,109.43,38.82,16.07,1.363104,109.43,8451,924792.93
03-01-2010,1115.709961,109.43,38.349998,16.110001,1.356208,109.43,6367,696740.81
03-02-2010,1118.310059,111.019997,38.799999,16.559999,1.362064,111.019997,4865,540112.29
03-03-2010,1118.790039,111.629997,39.400002,16.82,1.370163,111.629997,4435,495079.04
03-04-2010,1122.969971,110.830002,39.150002,16.790001,1.3584,110.830002,3649,404418.68
03-05-2010,1138.699951,110.809998,39.849998,17.01,1.362899,110.809998,7288,807583.27
03-08-2010,1138.5,109.879997,39.790001,16.889999,1.361693,109.879997,6964,765204.3
03-09-2010,1140.449951,109.720001,39.549999,16.92,1.360692,109.720001,5409,593475.49
03-10-2010,1145.609985,108.470001,39.900002,16.66,1.364331,108.470001,3475,376933.25
03-11-2010,1150.23999,108.599998,40.049999,16.809999,1.368532,108.599998,4725,513134.99
03-12-2010,1149.98999,107.949997,39.509998,16.76,1.376993,107.949997,6419,692931.03
3/15/2010,1150.51001,108.360001,38.830002,16.74,1.367746,108.360001,8741,947174.77
3/16/2010,1159.459961,110.400002,39.790001,17.049999,1.376879,110.400002,2584,285273.61
3/17/2010,1166.209961,109.589996,40.23,17.08,1.373834,109.589996,9105,997816.91
3/18/2010,1165.829956,110.339996,39.919998,17.08,1.361396,110.339996,9310,1027265.36
3/19/2010,1159.900024,108.279999,39.200001,16.65,1.353693,108.279999,2168,234751.04
3/22/2010,1165.810059,107.75,39.560001,16.6,1.356705,107.75,5903,636048.25
3/23/2010,1174.170044,108.32,39.700001,16.719999,1.346801,108.32,3578,387568.96
3/24/2010,1167.719971,106.300003,38.939999,16.290001,1.333102,106.300003,8694,924172.23
3/25/2010,1165.72998,106.779999,38.900002,16.32,1.330707,106.779999,3381,361023.18
3/26/2010,1166.589966,108.589996,38.830002,16.610001,1.341004,108.589996,3589,389729.5
3/29/2010,1173.219971,108.75,39.959999,17.040001,1.342408,108.75,9990,1086412.5
3/30/2010,1173.27002,107.970001,39.950001,16.950001,1.350804,107.970001,7447,804052.6
3/31/2010,1169.430054,108.949997,40.290001,17.139999,1.3584,108.949997,2950,321402.49
04-01-2010,1178.099976,110.260002,41.240002,17.540001,1.350494,110.260002,2843,313469.19
04-05-2010,1187.439941,110.889999,42.07,17.75,1.340195,110.889999,5822,645601.57
04-06-2010,1189.439941,111.029999,42.02,17.610001,1.334846,111.029999,8864,984169.91
04-07-2010,1182.449951,112.489998,41.52,17.77,1.336112,112.489998,7389,831188.6
04-08-2010,1186.439941,112.650002,41.439999,17.719999,1.350093,112.650002,7012,789901.81
04-12-2010,1196.47998,113.010002,40.93,17.799999,1.360859,113.010002,4431,500747.32
4/13/2010,1197.300049,112.690002,40.889999,17.84,1.365598,112.690002,5235,589932.16
4/14/2010,1210.650024,113.029999,41.759998,18.07,1.357405,113.029999,5071,573175.12
4/15/2010,1211.670044,113.650002,41.709999,18.07,1.350402,113.650002,7099,806801.36
4/19/2010,1197.52002,111.150002,40.110001,17.379999,1.343508,111.150002,1006,111816.9
4/20/2010,1207.170044,111.459999,40.299999,17.48,1.338993,111.459999,6687,745333.01
4/21/2010,1205.939941,112.309998,40.27,17.77,1.326999,112.309998,1753,196879.43
4/22/2010,1208.670044,111.839996,40.299999,17.639999,1.338401,111.839996,9453,1057223.48
4/26/2010,1212.050049,112.75,40.349998,17.93,1.317072,112.75,4115,463966.25
4/27/2010,1183.709961,114.629997,39.369999,17.879999,1.321283,114.629997,6123,701879.47
4/28/2010,1191.359985,114.309998,39.970001,17.75,1.326295,114.309998,7701,880301.29
4/29/2010,1206.780029,114.279999,41.040001,18.139999,1.329805,114.279999,9045,1033662.59
05-03-2010,1202.26001,115.730003,41.459999,18.42,1.296395,115.730003,9734,1126515.85
05-04-2010,1173.599976,114.870003,39.700001,17.59,1.281493,114.870003,3142,360921.55
05-05-2010,1165.869995,115.089996,38.310001,17.110001,1.263296,115.089996,5396,621025.62
05-06-2010,1128.150024,118.489998,36.959999,17.32,1.275608,118.489998,4020,476329.79
05-10-2010,1159.72998,117.57,37.23,18.110001,1.262993,117.57,6164,724701.48
05-11-2010,1155.790039,120.660004,36.759998,18.950001,1.263903,120.660004,2742,330849.73
05-12-2010,1171.670044,121.400002,36.77,19.120001,1.254107,121.400002,3269,396856.61
5/13/2010,1157.439941,120.559998,36.130001,18.99,1.236002,120.559998,6600,795695.99
5/17/2010,1136.939941,119.360001,33.880001,18.530001,1.217893,119.360001,1203,143590.08
5/18/2010,1120.800049,119.489998,33.470001,18.57,1.239342,119.489998,1856,221773.44
5/19/2010,1115.050049,116.629997,33.509998,17.870001,1.247894,116.629997,8490,990188.67
5/20/2010,1071.589966,115.839996,32.200001,17.35,1.256708,115.839996,4716,546301.42
5/24/2010,1073.650024,116.839996,32.169998,17.559999,1.234598,116.839996,1998,233446.31
5/25/2010,1074.030029,117.360001,31.85,17.540001,1.2173,117.360001,4645,545137.2
5/26/2010,1067.949951,118.470001,32.59,17.74,1.234797,118.470001,3825,453147.75
5/27/2010,1103.060059,118.690002,34.310001,18.120001,1.227401,118.690002,5887,698728.04
06-01-2010,1070.709961,119.910004,33.18,18.02,1.2239,119.910004,5953,713824.25
06-02-2010,1098.380005,119.779999,33.790001,17.98,1.216945,119.779999,8284,992257.51
06-03-2010,1102.829956,117.959999,34.259998,17.639999,1.197103,117.959999,7722,910887.11
06-07-2010,1050.469971,121.489998,32.59,17.809999,1.197203,121.489998,4505,547312.44
06-08-2010,1062.0,121.0,33.189999,17.889999,1.199199,121.0,6902,835142.0
06-09-2010,1055.689941,120.559998,33.950001,17.76,1.210903,120.559998,3107,374579.91
06-10-2010,1086.839966,118.970001,34.77,17.860001,1.211402,118.970001,8734,1039083.99
6/14/2010,1089.630005,119.599998,34.330002,17.860001,1.231906,119.599998,9888,1182604.78
6/15/2010,1115.22998,120.989998,35.23,18.190001,1.231194,120.989998,4596,556070.03
6/16/2010,1114.609985,120.330002,35.490002,18.08,1.238206,120.330002,6685,804406.06
6/17/2010,1116.040039,121.900002,35.139999,18.33,1.239296,121.900002,1142,139209.8
6/21/2010,1113.199951,120.389999,35.330002,18.33,1.227506,120.389999,2243,270034.77
6/22/2010,1095.310059,121.449997,35.0,18.42,1.231906,121.449997,7841,952289.43
6/23/2010,1092.040039,120.949997,34.240002,18.18,1.233745,120.949997,5417,655186.13
6/24/2010,1073.689941,121.300003,34.389999,18.26,1.237302,121.300003,7929,961787.72
6/28/2010,1074.569946,121.089996,35.209999,18.379999,1.218635,121.089996,5576,675197.82
6/29/2010,1041.23999,121.269997,34.169998,18.129999,1.223002,121.269997,5647,684811.67
6/30/2010,1030.709961,121.68,33.959999,18.209999,1.25075,121.68,6799,827302.32
07-01-2010,1027.369995,117.040001,32.869999,17.440001,1.257103,117.040001,1915,224131.6
07-06-2010,1028.060059,116.510002,32.610001,17.4,1.263312,116.510002,3262,380055.63
07-07-2010,1060.27002,117.730003,33.650002,17.65,1.269406,117.730003,3850,453260.51
07-08-2010,1070.25,117.209999,34.23,17.610001,1.264398,117.209999,5149,603514.28
07-12-2010,1078.75,117.339996,33.779999,17.620001,1.272087,117.339996,8773,1029423.78
7/13/2010,1095.339966,118.360001,34.740002,17.82,1.274048,118.360001,3068,363128.48
7/14/2010,1095.170044,118.300003,34.66,17.959999,1.292858,118.300003,5522,653252.62
7/15/2010,1096.47998,118.230003,34.580002,17.950001,1.293193,118.230003,5907,698384.63
7/19/2010,1071.25,115.730003,34.459999,17.27,1.289308,115.730003,7857,909290.63
7/20/2010,1083.47998,116.650002,34.82,17.33,1.276797,116.650002,8747,1020337.57
7/21/2010,1069.589966,115.849998,34.200001,17.309999,1.290306,115.849998,6101,706800.84
7/22/2010,1093.670044,116.860001,35.419998,17.709999,1.291306,116.860001,2077,242718.22
7/26/2010,1115.01001,115.519997,35.349998,17.780001,1.299089,115.519997,2573,297232.95
7/27/2010,1113.839966,113.510002,34.669998,17.299999,1.299224,113.510002,3729,423278.8
7/28/2010,1106.130005,113.779999,34.360001,17.16,1.307805,113.779999,5841,664588.97
7/29/2010,1101.530029,114.290001,35.060001,17.24,1.3039,114.290001,7253,828945.38
08-02-2010,1125.859985,115.540001,36.48,17.959999,1.322506,115.540001,1431,165337.74
08-03-2010,1120.459961,115.989998,36.91,18.02,1.322506,115.989998,4823,559419.76
08-04-2010,1127.23999,116.720001,36.900002,17.93,1.315807,116.720001,1568,183016.96
08-05-2010,1125.810059,116.980003,36.709999,17.959999,1.318131,116.980003,8026,938881.5
08-09-2010,1127.790039,117.400002,36.529999,17.959999,1.322996,117.400002,6965,817691.01
08-10-2010,1121.060059,117.730003,35.869999,17.969999,1.318496,117.730003,6988,822697.26
08-11-2010,1089.469971,117.339996,34.740002,17.530001,1.284406,117.339996,1445,169556.29
08-12-2010,1083.609985,118.769997,33.919998,17.690001,1.282989,118.769997,8272,982465.42
8/16/2010,1079.380005,119.730003,33.610001,18.0,1.281197,119.730003,4888,585240.25
8/17/2010,1092.540039,119.75,33.869999,18.120001,1.287996,119.75,6631,794062.25
8/18/2010,1094.160034,120.220001,33.68,18.02,1.285645,120.220001,7526,904775.73
8/19/2010,1075.630005,120.389999,33.25,17.92,1.280803,120.389999,3514,423050.46
8/23/2010,1067.359985,119.779999,32.43,17.610001,1.263504,119.779999,9838,1178395.63
8/24/2010,1051.869995,120.360001,31.77,17.99,1.263296,120.360001,2872,345673.92
8/25/2010,1055.329956,121.360001,32.369999,18.540001,1.2664,121.360001,2510,304613.6
8/26/2010,1047.219971,120.959999,32.619999,18.59,1.270648,120.959999,7910,956793.59
8/30/2010,1048.920044,120.910004,33.02,18.629999,1.266592,120.910004,1589,192126.0
8/31/2010,1049.329956,122.080002,31.92,18.93,1.26873,122.080002,9295,1134733.62
09-01-2010,1080.290039,121.690002,32.950001,18.959999,1.280295,121.690002,4705,572551.46
09-02-2010,1090.099976,122.290001,33.389999,19.280001,1.282594,122.290001,8804,1076641.17
09-07-2010,1091.839966,122.699997,32.77,19.360001,1.267797,122.699997,6212,762212.38
09-08-2010,1098.869995,122.709999,33.139999,19.5,1.273204,122.709999,5177,635269.66
09-09-2010,1104.180054,121.559998,32.889999,19.32,1.269309,121.559998,1711,207989.16
9/13/2010,1121.900024,121.620003,34.029999,19.540001,1.2872,121.620003,9111,1108079.85
9/14/2010,1121.099976,124.019997,33.889999,20.049999,1.299174,124.019997,7839,972192.76
9/15/2010,1125.069946,123.940002,33.490002,20.17,1.301507,123.940002,8669,1074435.88
9/16/2010,1124.660034,124.629997,32.98,20.35,1.3076,124.629997,3380,421249.39
9/20/2010,1142.709961,124.870003,33.220001,20.290001,1.306694,124.870003,4205,525078.36
9/21/2010,1139.780029,126.010002,32.650002,20.59,1.325697,126.010002,9753,1228975.55
9/22/2010,1134.280029,126.199997,32.580002,20.709999,1.3391,126.199997,4268,538621.59
9/23/2010,1124.829956,126.300003,32.669998,20.66,1.331913,126.300003,9421,1189872.33
9/27/2010,1142.160034,126.720001,33.240002,20.99,1.343905,126.720001,8950,1134144.01
9/28/2010,1147.699951,127.849998,33.189999,21.290001,1.357092,127.849998,4588,586575.79
9/29/2010,1144.72998,127.949997,33.939999,21.4,1.362806,127.949997,6341,811330.93
9/30/2010,1141.199951,127.910004,34.84,21.309999,1.362212,127.910004,3671,469557.62
10-04-2010,1137.030029,128.460007,35.59,21.51,1.367409,128.460007,8310,1067502.66
10-05-2010,1160.75,130.990005,36.09,22.34,1.383394,130.990005,7471,978626.33
10-06-2010,1159.969971,131.809998,36.279999,22.690001,1.392002,131.809998,2753,362872.92
10-07-2010,1158.060059,130.369995,35.459999,22.02,1.392796,130.369995,4442,579103.52
10-11-2010,1165.319946,132.289993,35.599998,22.780001,1.388021,132.289993,2255,298313.93
10-12-2010,1169.77002,131.960007,35.650002,22.84,1.391692,131.960007,4030,531798.83
10/13/2010,1178.099976,134.070007,36.16,23.49,1.396726,134.070007,3204,429560.3
10/14/2010,1173.810059,134.75,36.0,24.030001,1.407202,134.75,6641,894874.75
10/18/2010,1184.709961,134.279999,36.279999,23.959999,1.393592,134.279999,3231,433858.68
10/19/2010,1165.900024,130.110001,34.619999,22.84,1.373909,130.110001,1452,188919.72
10/20/2010,1178.170044,131.320007,35.59,23.33,1.396317,131.320007,9742,1279319.51
10/21/2010,1180.26001,129.470001,34.849998,22.59,1.391692,129.470001,7574,980605.79
10/25/2010,1185.619995,130.850006,35.57,23.1,1.394895,130.850006,5643,738386.58
10/26/2010,1185.640015,130.880005,35.68,23.280001,1.385425,130.880005,1796,235060.49
10/27/2010,1182.449951,129.520004,35.419998,23.07,1.377809,129.520004,4729,612500.1
10/28/2010,1183.780029,131.240005,35.389999,23.43,1.377809,131.240005,1829,240037.97
11-01-2010,1184.380005,131.919998,35.810001,24.07,1.397507,131.919998,6569,866582.47
11-02-2010,1193.569946,132.490005,36.27,24.309999,1.391091,132.490005,1518,201119.83
11-03-2010,1197.959961,131.570007,36.740002,24.25,1.403607,131.570007,8468,1114134.82
11-04-2010,1221.060059,136.029999,37.490002,25.629999,1.412729,136.029999,7112,967445.35
11-05-2010,1225.849976,136.380005,37.650002,26.200001,1.422799,136.380005,3069,418550.24
11-08-2010,1223.25,137.779999,37.529999,27.15,1.407578,137.779999,4891,673881.98
11-09-2010,1213.400024,135.589996,37.049999,26.18,1.386963,135.589996,6228,844454.5
11-10-2010,1218.709961,137.240005,38.040001,26.719999,1.377202,137.240005,4083,560350.94
11-11-2010,1213.540039,137.660004,37.84,27.110001,1.377562,137.660004,5727,788378.84
11-12-2010,1199.209961,133.690002,36.470001,25.52,1.362101,133.690002,8662,1158022.8
11/15/2010,1197.75,132.419998,36.5,24.93,1.369319,132.419998,3279,434205.17
11/16/2010,1178.339966,130.970001,35.450001,24.93,1.357478,130.970001,4563,597616.11
11/17/2010,1178.589966,130.380005,34.73,25.0,1.349054,130.380005,5103,665329.17
11/18/2010,1196.689941,132.089996,35.5,26.35,1.355399,132.089996,7661,1011941.46
11/19/2010,1199.72998,132.199997,35.220001,26.74,1.365728,132.199997,7839,1036315.78
11/22/2010,1197.839966,133.479996,35.049999,27.17,1.374438,133.479996,9226,1231486.44
11/23/2010,1180.72998,134.410004,34.950001,26.870001,1.360193,134.410004,2326,312637.67
11/24/2010,1198.349976,134.179993,36.080002,26.940001,1.338634,134.179993,8711,1168841.92
11/26/2010,1189.400024,133.110001,35.970001,26.129999,1.333974,133.110001,6569,874399.6
11/29/2010,1187.76001,133.509995,36.779999,26.549999,1.323802,133.509995,7463,996385.09
11/30/2010,1180.550049,135.419998,36.040001,27.440001,1.310393,135.419998,5633,762820.85
12-01-2010,1206.069946,135.380005,37.200001,27.809999,1.299207,135.380005,7443,1007633.38
12-02-2010,1221.530029,135.199997,37.77,27.93,1.312491,135.199997,6864,928012.78
12-03-2010,1224.709961,138.070007,38.310001,28.6,1.321598,138.070007,9137,1261545.65
12-06-2010,1223.119995,139.110001,38.220001,29.51,1.341598,139.110001,8381,1165880.92
12-07-2010,1223.75,136.5,37.799999,28.08,1.328692,136.5,9279,1266583.5
12-08-2010,1228.280029,134.789993,37.959999,27.700001,1.324468,134.789993,8177,1102177.77
12-09-2010,1233.0,135.369995,37.939999,28.030001,1.325082,135.369995,4885,661282.43
12-10-2010,1240.400024,135.410004,37.66,27.98,1.324205,135.410004,9519,1288967.83
12/13/2010,1240.459961,136.050003,37.889999,28.870001,1.319714,136.050003,3627,493453.36
12/14/2010,1241.589966,136.179993,37.900002,28.809999,1.339549,136.179993,7815,1064246.65
12/15/2010,1235.22998,134.699997,37.990002,28.08,1.336095,134.699997,6312,850226.38
12/16/2010,1242.869995,133.809998,37.77,28.280001,1.322401,133.809998,9162,1225967.2
12/17/2010,1243.910034,134.199997,37.810001,28.51,1.323995,134.199997,2590,347577.99
12/20/2010,1247.079956,135.110001,38.049999,28.709999,1.3165,135.110001,2118,286162.98
12/21/2010,1254.599976,135.320007,38.290001,28.639999,1.311802,135.320007,4304,582417.31
12/22/2010,1258.839966,135.050003,38.639999,28.57,1.309003,135.050003,5713,771540.67
12/23/2010,1256.77002,134.660004,38.98,28.610001,1.311544,134.660004,4159,560050.96
12/27/2010,1257.540039,135.020004,38.709999,28.59,1.307976,135.020004,9744,1315634.92
12/28/2010,1258.51001,137.220001,38.91,29.530001,1.318965,137.220001,3174,435536.28
12/29/2010,1259.780029,137.710007,38.82,29.870001,1.308627,137.710007,6977,960802.72
12/30/2010,1257.880005,137.029999,38.119999,29.76,1.322454,137.029999,3662,501803.86
12/31/2010,1257.640015,138.720001,39.0,30.18,1.330123,138.720001,3629,503414.88
01-03-2011,1271.869995,138.0,39.049999,29.98,1.335791,138.0,1905,262890.0
01-04-2011,1270.199951,134.75,38.080002,29.08,1.335684,134.75,3819,514610.25
01-05-2011,1276.560059,134.369995,38.52,28.610001,1.332108,134.369995,8320,1117958.36
01-06-2011,1273.849976,133.830002,37.68,28.42,1.315686,133.830002,9117,1220128.13
01-07-2011,1271.5,133.580002,37.669998,28.1,1.297993,133.580002,8291,1107511.8
01-10-2011,1269.75,134.119995,38.169998,28.290001,1.289507,134.119995,9601,1287686.07
01-11-2011,1274.47998,134.910004,38.880001,28.889999,1.296496,134.910004,5698,768717.2
01-12-2011,1285.959961,135.460007,38.990002,29.0,1.298398,135.460007,1801,243963.47
1/13/2011,1283.76001,134.050003,38.650002,28.0,1.312836,134.050003,4807,644378.36
1/14/2011,1293.23999,132.690002,38.919998,27.74,1.335327,132.690002,4490,595778.11
1/18/2011,1295.02002,133.429993,38.73,28.15,1.328392,133.429993,6379,851149.93
1/19/2011,1281.920044,133.720001,38.540001,28.08,1.337811,133.720001,1363,182260.36
1/20/2011,1280.26001,131.199997,37.57,26.85,1.345207,131.199997,2100,275519.99
1/21/2011,1283.349976,131.029999,37.509998,26.83,1.346801,131.029999,4794,628157.82
1/24/2011,1290.839966,130.360001,36.93,26.360001,1.361953,130.360001,7695,1003120.21
1/25/2011,1291.180054,130.100006,36.27,26.23,1.364405,130.100006,8184,1064738.45
1/26/2011,1296.630005,131.160004,36.849998,26.889999,1.368607,131.160004,6487,850834.95
1/27/2011,1299.540039,127.93,35.939999,26.290001,1.371009,127.93,5477,700672.61
1/28/2011,1276.339966,130.279999,37.580002,27.299999,1.372307,130.279999,2777,361787.56
1/31/2011,1286.119995,129.869995,38.610001,27.389999,1.357276,129.869995,9723,1262725.96
02-01-2011,1307.589966,130.800003,38.07,27.870001,1.371385,130.800003,3547,463947.61
02-02-2011,1304.030029,130.449997,38.18,27.690001,1.382992,130.449997,4241,553238.44
02-03-2011,1307.099976,132.199997,38.09,28.290001,1.381788,132.199997,9566,1264625.17
02-04-2011,1310.869995,131.660004,37.34,28.4,1.362454,131.660004,7290,959801.43
02-07-2011,1319.050049,131.679993,36.66,28.66,1.357497,131.679993,3135,412816.78
02-08-2011,1324.569946,133.139999,36.639999,29.639999,1.359194,133.139999,1386,184532.04
02-09-2011,1320.880005,133.070007,36.5,29.52,1.362695,133.070007,9213,1225973.97
02-10-2011,1321.869995,132.850006,36.540001,29.459999,1.3721,132.850006,4750,631037.53
02-11-2011,1329.150024,132.320007,36.049999,29.209999,1.360193,132.320007,8964,1186116.54
2/14/2011,1332.319946,132.949997,35.880001,29.959999,1.351004,132.949997,9745,1295597.72
2/15/2011,1328.01001,133.970001,35.389999,30.0,1.348109,133.970001,6979,934976.64
2/16/2011,1336.319946,134.100006,35.529999,29.959999,1.349856,134.100006,2580,345978.02
2/17/2011,1340.430054,135.039993,36.060001,31.030001,1.357534,135.039993,4812,649812.45
2/18/2011,1343.01001,135.410004,36.360001,31.790001,1.362602,135.410004,4604,623427.66
2/22/2011,1315.439941,136.289993,38.490002,32.259998,1.368232,136.289993,7448,1015087.87
2/23/2011,1307.400024,137.509995,39.799999,32.709999,1.367372,137.509995,1016,139710.15
2/24/2011,1306.099976,136.479996,38.970001,31.200001,1.376406,136.479996,8799,1200887.48
2/25/2011,1319.880005,137.380005,39.68,32.560001,1.381998,137.380005,6917,950257.49
2/28/2011,1327.219971,137.660004,39.189999,33.110001,1.373438,137.660004,9451,1301024.7
03-01-2011,1306.329956,140.029999,40.48,33.869999,1.382151,140.029999,6649,931059.46
03-02-2011,1308.439941,139.919998,41.389999,33.84,1.377183,139.919998,2429,339865.68
03-03-2011,1330.969971,138.089996,41.18,33.419998,1.386655,138.089996,2078,286951.01
03-04-2011,1321.150024,139.350006,42.330002,34.689999,1.395888,139.350006,5161,719185.38
03-07-2011,1310.130005,139.720001,42.369999,35.23,1.399071,139.720001,6022,841393.85
03-08-2011,1321.819946,139.360001,42.310001,35.18,1.396394,139.360001,1367,190505.12
03-09-2011,1320.02002,139.410004,42.049999,35.27,1.389796,139.410004,3515,490026.16
03-10-2011,1295.109985,137.770004,41.400002,34.360001,1.390221,137.770004,6343,873875.14
03-11-2011,1304.280029,138.220001,40.689999,35.029999,1.380129,138.220001,1626,224745.72
3/14/2011,1296.390015,138.860001,40.91,35.009998,1.393456,138.860001,5754,799000.45
3/15/2011,1281.869995,136.270004,39.389999,33.610001,1.399208,136.270004,2616,356482.33
3/16/2011,1256.880005,136.240005,39.68,33.369999,1.398621,136.240005,8329,1134743.0
3/17/2011,1273.719971,136.970001,40.689999,33.509998,1.388484,136.970001,7907,1083021.8
3/18/2011,1279.209961,138.369995,40.970001,34.27,1.403292,138.369995,6139,849453.4
3/21/2011,1298.380005,139.139999,41.130001,35.299999,1.417053,139.139999,7429,1033671.05
3/22/2011,1293.77002,139.050003,41.93,35.540001,1.421707,139.050003,5137,714299.87
3/23/2011,1297.540039,140.339996,42.110001,36.470001,1.416812,140.339996,3511,492733.73
3/24/2011,1309.660034,139.220001,42.049999,36.119999,1.410596,139.220001,5100,710022.01
3/25/2011,1313.800049,139.259995,42.18,36.389999,1.417193,139.259995,8114,1129955.6
3/28/2011,1310.189941,138.539993,41.419998,36.189999,1.407975,138.539993,8196,1135473.78
3/29/2011,1319.439941,138.210007,41.830002,36.169998,1.411114,138.210007,4795,662716.98
3/30/2011,1328.26001,138.669998,41.66,36.529999,1.41213,138.669998,2131,295505.77
3/31/2011,1325.829956,139.860001,42.599998,36.77,1.415869,139.860001,3449,482377.14
04-04-2011,1332.869995,139.839996,43.259998,37.580002,1.42201,139.839996,7025,982375.97
04-05-2011,1332.630005,142.050003,43.099998,38.34,1.421909,142.050003,5234,743489.72
04-06-2011,1335.540039,142.380005,43.369999,38.619999,1.433527,142.380005,4761,677871.2
04-07-2011,1333.51001,142.509995,43.990002,38.73,1.430206,142.509995,4859,692456.07
04-11-2011,1324.459961,142.639999,43.639999,39.209999,1.443793,142.639999,8120,1158236.79
04-12-2011,1314.160034,141.610001,42.299999,39.09,1.447639,141.610001,9289,1315415.3
4/13/2011,1314.410034,141.899994,42.75,39.57,1.44421,141.899994,8601,1220481.85
4/14/2011,1314.52002,143.809998,43.279999,41.07,1.44321,143.809998,8194,1178379.12
4/18/2011,1305.140015,145.929993,42.880001,42.419998,1.422394,145.929993,2217,323526.79
4/19/2011,1312.619995,145.929993,42.950001,43.0,1.433795,145.929993,9239,1348247.21
4/20/2011,1330.359985,146.5,44.220001,44.119999,1.4514,146.5,8853,1296964.5
4/21/2011,1337.380005,146.740005,44.57,45.540001,1.455498,146.740005,7775,1140903.54
4/25/2011,1335.25,146.869995,44.529999,45.830002,1.457896,146.869995,1874,275234.37
4/26/2011,1347.23999,146.380005,44.48,44.029999,1.468795,146.380005,7854,1149668.56
4/27/2011,1355.660034,149.199997,45.02,47.0,1.478,149.199997,8521,1271333.17
4/28/2011,1360.47998,149.820007,44.830002,47.259998,1.484406,149.820007,5617,841538.98
05-02-2011,1361.219971,150.410004,44.93,42.830002,1.482382,150.410004,6770,1018275.73
05-03-2011,1356.619995,149.880005,44.080002,40.580002,1.483327,149.880005,5037,754945.59
05-04-2011,1347.319946,147.729996,43.259998,38.27,1.482975,147.729996,6730,994222.87
05-05-2011,1335.099976,143.470001,39.32,33.720001,1.45444,143.470001,2448,351214.56
05-09-2011,1346.290039,147.380005,40.869999,36.98,1.437608,147.380005,5684,837707.95
05-10-2011,1357.160034,147.899994,41.080002,37.52,1.441109,147.899994,2886,426839.38
05-11-2011,1342.079956,146.539993,39.349998,34.389999,1.4211,146.539993,5097,746914.34
05-12-2011,1348.650024,146.589996,39.279999,33.32,1.423792,146.589996,4422,648220.96
5/16/2011,1329.469971,145.369995,38.509998,32.849998,1.415809,145.369995,2506,364297.21
5/17/2011,1328.97998,144.740005,38.549999,33.09,1.4269,144.740005,8412,1217552.92
5/18/2011,1340.680054,145.600006,39.5,34.23,1.425517,145.600006,6936,1009881.64
5/19/2011,1343.599976,145.649994,39.07,34.259998,1.431619,145.649994,5529,805298.82
5/23/2011,1317.369995,147.830002,38.470001,34.27,1.403666,147.830002,7224,1067923.93
5/24/2011,1316.280029,148.589996,39.279999,35.77,1.4099,148.589996,3482,517390.37
5/25/2011,1320.469971,148.580002,39.93,36.919998,1.40849,148.580002,9914,1473022.14
5/26/2011,1325.689941,148.220001,39.599998,36.509998,1.413507,148.220001,1710,253456.2
5/31/2011,1345.199951,149.639999,40.5,37.599998,1.442793,149.639999,1900,284316.0
06-01-2011,1314.550049,149.910004,39.52,35.75,1.434494,149.910004,8028,1203477.51
06-02-2011,1312.939941,149.5,39.68,35.290001,1.448604,149.5,8669,1296015.5
06-06-2011,1286.170044,150.479996,39.0,35.709999,1.4583,150.479996,1160,174556.8
06-07-2011,1284.939941,150.419998,39.049999,36.119999,1.468601,150.419998,3045,458028.89
06-08-2011,1279.560059,149.809998,39.849998,36.029999,1.460195,149.809998,7917,1186045.75
06-09-2011,1289.0,150.559998,40.139999,36.669998,1.451568,150.559998,3446,518829.75
6/13/2011,1271.829956,147.770004,38.259998,33.869999,1.441691,147.770004,8080,1193981.63
6/14/2011,1287.869995,148.669998,39.099998,34.669998,1.445003,148.669998,2315,344171.05
6/15/2011,1265.420044,149.119995,37.580002,34.880001,1.418198,149.119995,3143,468684.14
6/16/2011,1267.640015,148.970001,37.419998,34.650002,1.41991,148.970001,4817,717588.49
6/20/2011,1278.359985,150.029999,36.720001,35.09,1.432542,150.029999,6137,920734.1
6/21/2011,1295.52002,150.759995,36.790001,35.509998,1.438166,150.759995,9944,1499157.39
6/22/2011,1287.140015,150.990005,37.099998,35.5,1.431434,150.990005,1648,248831.53
6/23/2011,1283.5,148.339996,36.009998,34.369999,1.427002,148.339996,8530,1265340.17
6/27/2011,1280.099976,145.729996,35.639999,32.630001,1.43168,145.729996,4309,627950.55
6/28/2011,1296.670044,146.240005,36.419998,33.0,1.435791,146.240005,2493,364576.33
6/29/2011,1307.410034,147.179993,37.23,34.009998,1.44789,147.179993,2209,325120.6
6/30/2011,1320.640015,146.0,37.240002,33.84,1.449695,146.0,8554,1248884.0
07-05-2011,1337.880005,147.630005,37.959999,34.630001,1.442814,147.630005,8956,1322174.32
07-06-2011,1339.219971,148.910004,37.889999,35.099998,1.433158,148.910004,1912,284715.93
07-07-2011,1353.219971,149.149994,38.610001,35.5,1.436451,149.149994,1043,155563.44
07-11-2011,1319.48999,151.589996,37.290001,34.900002,1.40406,151.589996,2359,357600.8
07-12-2011,1313.640015,152.770004,37.93,35.200001,1.396902,152.770004,4209,643008.95
7/13/2011,1317.719971,154.139999,38.349998,37.23,1.423427,154.139999,1243,191596.02
7/14/2011,1308.869995,154.539993,37.549999,37.41,1.415729,154.539993,3218,497309.7
7/18/2011,1305.439941,156.570007,37.59,39.470001,1.411194,156.570007,9748,1526244.43
7/19/2011,1326.72998,154.660004,38.25,38.009998,1.417294,154.660004,8703,1346006.01
7/20/2011,1325.839966,156.020004,38.400002,39.119999,1.427002,156.020004,2128,332010.57
7/21/2011,1343.800049,154.830002,38.720001,38.310001,1.442003,154.830002,9637,1492096.73
7/25/2011,1337.430054,157.339996,38.68,39.310001,1.437153,157.339996,5635,886610.88
7/26/2011,1331.939941,157.770004,38.810001,39.889999,1.45081,157.770004,1769,279095.14
7/27/2011,1304.890015,157.190002,37.970001,39.169998,1.437298,157.190002,3372,530044.69
7/28/2011,1300.670044,157.320007,37.91,38.759998,1.433199,157.320007,6947,1092902.09
08-01-2011,1286.939941,157.720001,37.200001,38.290001,1.426208,157.720001,9290,1465218.81
08-02-2011,1254.050049,161.520004,36.400002,39.82,1.417334,161.520004,3068,495543.37
08-03-2011,1260.339966,161.490005,35.860001,40.549999,1.435297,161.490005,7762,1253485.42
08-04-2011,1200.069946,160.639999,33.73,37.610001,1.406707,160.639999,9958,1599653.11
08-08-2011,1119.459961,167.119995,31.51,37.970001,1.417073,167.119995,1713,286276.55
08-09-2011,1172.530029,168.610001,31.620001,36.32,1.438311,168.610001,8552,1441952.73
08-10-2011,1120.76001,174.580002,31.780001,38.439999,1.412469,174.580002,4970,867662.61
08-11-2011,1172.640015,170.75,33.299999,37.799999,1.422637,170.75,3635,620676.25
8/15/2011,1204.48999,171.800003,34.220001,38.669998,1.443835,171.800003,6939,1192120.22
8/16/2011,1192.76001,173.919998,33.830002,39.029999,1.439802,173.919998,4541,789770.71
8/17/2011,1193.890015,174.419998,34.009998,39.330002,1.442918,174.419998,4191,730994.21
8/18/2011,1140.650024,177.720001,31.719999,39.66,1.432439,177.720001,2509,445899.48
8/22/2011,1123.819946,184.589996,32.720001,42.630001,1.436101,184.589996,3832,707348.86
8/23/2011,1162.349976,177.669998,33.419998,40.630001,1.44371,177.669998,5463,970611.2
8/24/2011,1177.599976,171.649994,33.080002,38.830002,1.441234,171.649994,9520,1634107.94
8/25/2011,1159.27002,172.360001,32.970001,40.0,1.437298,172.360001,2046,352648.56
8/29/2011,1210.079956,173.889999,33.959999,39.720001,1.452433,173.889999,6020,1046817.79
8/30/2011,1212.920044,179.100006,34.439999,40.400002,1.443314,179.100006,3147,563627.72
8/31/2011,1218.890015,177.720001,34.509998,40.450001,1.437463,177.720001,1165,207043.8
09-01-2011,1204.420044,177.869995,34.470001,40.52,1.426208,177.869995,2384,424042.07
09-06-2011,1165.23999,182.899994,33.59,41.049999,1.400325,182.899994,3959,724101.08
09-07-2011,1198.619995,177.080002,34.689999,40.529999,1.40857,177.080002,2847,504146.77
09-08-2011,1185.900024,181.809998,34.459999,41.220001,1.390414,181.809998,3693,671424.32
09-12-2011,1162.27002,176.669998,34.419998,39.139999,1.366027,176.669998,2873,507572.9
9/13/2011,1172.869995,178.539993,34.849998,39.869999,1.368607,178.539993,8562,1528659.42
9/14/2011,1188.680054,177.210007,34.34,39.599998,1.374608,177.210007,3919,694486.02
9/15/2011,1209.109985,174.399994,34.599998,38.790001,1.386905,174.399994,5340,931295.97
9/19/2011,1204.089966,173.309998,33.290001,38.650002,1.360563,173.309998,5299,918369.68
9/20/2011,1202.089966,175.779999,33.43,38.830002,1.369394,175.779999,3914,688002.92
9/21/2011,1166.76001,173.589996,32.919998,38.560001,1.358603,173.589996,9502,1649452.14
9/22/2011,1129.560059,169.050003,31.129999,34.919998,1.34809,169.050003,6928,1171178.42
9/26/2011,1162.949951,157.580002,31.469999,29.77,1.351808,157.580002,3320,523165.61
9/27/2011,1175.380005,160.630005,32.369999,31.17,1.358234,160.630005,8212,1319093.6
9/28/2011,1151.060059,156.220001,31.25,28.870001,1.353766,156.220001,2796,436791.12
9/29/2011,1160.400024,157.699997,31.969999,29.959999,1.358585,157.699997,5246,827294.18
10-03-2011,1099.22998,160.960007,29.74,29.49,1.319505,160.960007,5824,937431.08
10-04-2011,1123.949951,157.639999,29.91,29.09,1.333013,157.639999,8664,1365792.95
10-05-2011,1144.030029,159.460007,30.84,29.66,1.333992,159.460007,6247,996146.66
10-06-2011,1164.969971,160.490005,31.98,31.200001,1.342895,160.490005,2780,446162.21
10-10-2011,1194.890015,163.270004,33.240002,31.26,1.36355,163.270004,1178,192332.06
10-11-2011,1195.540039,162.100006,33.009998,31.379999,1.364573,162.100006,5941,963036.14
10-12-2011,1207.25,163.259995,32.919998,31.77,1.379196,163.259995,8012,1308039.08
10/13/2011,1203.660034,162.300003,32.650002,30.940001,1.373551,162.300003,3417,554579.11
10/17/2011,1200.859985,162.619995,33.43,31.040001,1.3744,162.619995,7711,1253962.78
10/18/2011,1225.380005,161.839996,34.150002,31.33,1.374004,161.839996,2858,462538.71
10/19/2011,1209.880005,159.869995,33.310001,30.23,1.3765,159.869995,1942,310467.53
10/20/2011,1215.390015,157.770004,33.330002,29.73,1.377904,157.770004,2620,413357.41
10/24/2011,1254.189941,161.020004,35.380001,30.870001,1.392234,161.020004,6663,1072876.29
10/25/2011,1229.050049,165.589996,35.799999,32.43,1.390453,165.589996,2090,346083.09
10/26/2011,1242.0,167.399994,35.060001,32.5,1.387694,167.399994,1707,285751.79
10/27/2011,1284.589966,169.550003,36.209999,34.099998,1.417394,169.550003,4218,715161.91
10/31/2011,1253.300049,167.339996,35.740002,33.439999,1.414007,167.339996,4837,809423.56
11-01-2011,1218.280029,167.380005,35.200001,32.330002,1.386001,167.380005,1944,325386.73
11-02-2011,1237.900024,169.059998,35.669998,33.25,1.365598,169.059998,3038,513604.27
11-03-2011,1261.150024,171.720001,36.32,33.619999,1.369,171.720001,6637,1139705.65
11-04-2011,1253.22998,170.850006,36.459999,33.200001,1.382992,170.850006,2028,346483.81
11-07-2011,1261.119995,174.979996,37.09,34.080002,1.37893,174.979996,3289,575509.21
11-08-2011,1275.920044,173.529999,37.43,34.0,1.376008,173.529999,2075,360074.75
11-09-2011,1229.099976,172.070007,37.0,33.099998,1.382648,172.070007,5453,938297.75
11-10-2011,1239.699951,171.139999,37.720001,33.139999,1.352667,171.139999,6653,1138594.41
11-11-2011,1263.849976,173.960007,38.209999,33.740002,1.361007,173.960007,2747,477868.14
11/14/2011,1251.780029,173.199997,37.860001,33.330002,1.378702,173.199997,9649,1671206.77
11/15/2011,1257.810059,173.360001,38.43,33.66,1.362416,173.360001,9683,1678644.89
11/16/2011,1236.910034,171.509995,39.34,32.82,1.350713,171.509995,6491,1113271.38
11/17/2011,1216.130005,167.100006,38.23,30.639999,1.344104,167.100006,2951,493112.12
11/18/2011,1215.650024,167.619995,37.82,31.4,1.345804,167.619995,6573,1101766.23
11/21/2011,1192.97998,163.5,37.59,30.76,1.352997,163.5,3481,569143.5
11/22/2011,1188.040039,165.309998,37.82,31.889999,1.348436,165.309998,3377,558251.86
11/23/2011,1161.790039,164.830002,37.16,30.93,1.352192,164.830002,7961,1312211.65
11/25/2011,1158.670044,163.399994,37.16,30.200001,1.333102,163.399994,8408,1373867.15
11/28/2011,1192.550049,166.630005,37.849998,31.27,1.331345,166.630005,7555,1258889.69
11/29/2011,1195.189941,166.880005,38.549999,31.030001,1.3317,166.880005,6142,1024976.99
11/30/2011,1246.959961,170.130005,38.779999,32.0,1.33241,170.130005,5945,1011422.88
12-01-2011,1244.579956,169.630005,38.610001,31.860001,1.344393,169.630005,6257,1061374.94
12-02-2011,1244.280029,169.820007,39.029999,31.65,1.346692,169.820007,7383,1253781.11
12-05-2011,1257.079956,167.320007,39.009998,31.049999,1.341904,167.320007,7318,1224447.81
12-06-2011,1258.469971,168.179993,39.0,31.93,1.33867,168.179993,5540,931717.16
12-07-2011,1261.01001,169.399994,38.810001,31.610001,1.341202,169.399994,7948,1346391.15
12-08-2011,1234.349976,165.979996,37.779999,30.700001,1.340375,165.979996,6749,1120198.99
12-09-2011,1255.189941,166.399994,38.5,31.33,1.334543,166.399994,1140,189695.99
12-12-2011,1236.469971,161.990005,37.880001,30.49,1.337167,161.990005,4622,748717.8
12/13/2011,1225.72998,158.449997,38.610001,29.82,1.317107,158.449997,2956,468378.19
12/14/2011,1211.819946,152.889999,36.66,28.07,1.301914,152.889999,3914,598411.46
12/15/2011,1215.75,152.330002,36.130001,28.219999,1.298802,152.330002,8717,1327860.63
12/16/2011,1219.660034,155.229996,36.27,28.85,1.302966,155.229996,6941,1077451.4
12/19/2011,1205.349976,154.869995,36.200001,27.959999,1.303696,154.869995,4056,628152.7
12/20/2011,1241.300049,156.979996,37.560001,28.77,1.300779,156.979996,4085,641263.28
12/21/2011,1243.719971,157.160004,38.110001,28.6,1.308798,157.160004,3352,526800.33
12/22/2011,1254.0,156.039993,38.279999,28.360001,1.304002,156.039993,5899,920479.92
12/23/2011,1265.329956,156.309998,38.490002,28.280001,1.305602,156.309998,5191,811405.2
12/27/2011,1265.430054,154.910004,39.060001,27.870001,1.305057,154.910004,6590,1020856.93
12/28/2011,1249.640015,151.029999,38.34,26.27,1.307207,151.029999,7230,1091946.89
12/29/2011,1263.02002,150.339996,38.41,27.07,1.292725,150.339996,8258,1241507.69
12/30/2011,1257.599976,151.990005,38.110001,26.940001,1.295605,151.990005,6018,914675.85
01-03-2012,1277.060059,155.919998,39.689999,28.83,1.294096,155.919998,8838,1378020.94
01-04-2012,1277.300049,156.710007,39.77,28.389999,1.305602,156.710007,4022,630287.65
01-05-2012,1281.060059,157.779999,39.169998,28.51,1.293142,157.779999,2870,452828.6
01-06-2012,1277.810059,157.199997,39.220001,27.91,1.279607,157.199997,3206,503983.19
01-09-2012,1280.699951,156.5,39.080002,28.129999,1.268038,156.5,3949,618018.5
01-10-2012,1292.079956,158.639999,39.34,29.049999,1.277596,158.639999,2435,386288.4
01-11-2012,1292.47998,159.669998,38.919998,29.139999,1.275185,159.669998,7716,1232013.7
01-12-2012,1295.5,160.380005,38.060001,29.309999,1.272394,160.380005,5594,897165.75
1/13/2012,1289.089966,159.259995,38.16,28.82,1.282051,159.259995,8344,1328865.4
1/17/2012,1293.670044,160.5,38.790001,29.190001,1.266705,160.5,5653,907306.5
1/18/2012,1308.040039,161.600006,38.830002,29.65,1.2746,161.600006,9135,1476216.05
1/19/2012,1314.5,161.220001,38.689999,29.74,1.286604,161.220001,4786,771598.92
1/20/2012,1315.380005,162.070007,37.779999,31.219999,1.296496,162.070007,2267,367412.71
1/23/2012,1316.0,163.160004,38.389999,31.389999,1.288477,163.160004,2938,479364.09
1/24/2012,1314.650024,162.009995,38.099998,31.08,1.302694,162.009995,8776,1421799.72
1/25/2012,1326.060059,166.419998,38.349998,32.369999,1.304104,166.419998,4144,689644.47
1/26/2012,1318.430054,167.270004,38.369999,32.43,1.310736,167.270004,5025,840531.77
1/27/2012,1316.329956,168.970001,38.299999,32.959999,1.309278,168.970001,4181,706463.57
1/30/2012,1313.01001,168.029999,38.009998,32.529999,1.320795,168.029999,5535,930046.04
1/31/2012,1312.410034,169.309998,37.82,32.279999,1.313957,169.309998,6511,1102377.4
02-01-2012,1324.089966,169.559998,37.380001,32.77,1.307702,169.559998,4252,720969.11
02-02-2012,1325.540039,171.050003,37.130001,33.360001,1.317003,171.050003,9833,1681934.68
02-03-2012,1344.900024,167.639999,37.59,32.689999,1.313715,167.639999,6909,1158224.75
02-06-2012,1344.329956,167.179993,37.330002,32.68,1.312715,167.179993,7494,1252846.87
02-07-2012,1347.050049,169.699997,37.950001,33.259998,1.312164,169.699997,9921,1683593.67
02-08-2012,1349.959961,168.5,38.040001,33.040001,1.324854,168.5,6896,1161976.0
02-09-2012,1351.949951,168.020004,38.330002,32.900002,1.324854,168.020004,3875,651077.52
02-10-2012,1342.640015,167.139999,38.02,32.509998,1.327845,167.139999,5669,947516.65
2/13/2012,1351.77002,167.509995,38.689999,32.75,1.323679,167.509995,2511,420617.6
2/14/2012,1350.5,167.119995,38.84,32.540001,1.315789,167.119995,9826,1642121.07
2/15/2012,1343.22998,168.110001,39.18,32.450001,1.31337,168.110001,1341,225435.51
2/16/2012,1358.040039,168.0,39.279999,32.57,1.305807,168.0,4708,790944.0
2/17/2012,1361.22998,167.350006,39.75,32.279999,1.31268,167.350006,9077,1519036.0
2/21/2012,1362.209961,171.020004,40.580002,33.380001,1.320481,171.020004,2509,429089.19
2/22/2012,1357.660034,172.940002,40.59,33.439999,1.324328,172.940002,7822,1352736.7
2/23/2012,1363.459961,173.020004,41.369999,34.400002,1.325574,173.020004,5315,919601.32
2/24/2012,1365.73999,172.229996,42.009998,34.369999,1.337363,172.229996,5155,887845.63
2/27/2012,1367.589966,171.699997,41.18,34.360001,1.346711,171.699997,1256,215655.2
2/28/2012,1372.180054,173.490005,40.790001,35.830002,1.340662,173.490005,3956,686326.46
2/29/2012,1365.680054,164.289993,40.919998,33.549999,1.3478,164.289993,1800,295721.99
03-01-2012,1374.089966,166.610001,41.75,34.439999,1.33209,166.610001,7546,1257239.07
03-02-2012,1369.630005,166.339996,40.77,33.759998,1.332268,166.339996,5153,857150.0
03-05-2012,1364.329956,165.649994,40.970001,33.029999,1.318618,165.649994,8515,1410509.7
03-06-2012,1343.359985,162.699997,40.130001,32.009998,1.322576,162.699997,4883,794464.09
03-07-2012,1352.630005,163.630005,40.610001,32.41,1.312336,163.630005,7895,1291858.89
03-08-2012,1365.910034,165.279999,40.82,32.849998,1.313991,165.279999,8329,1376617.11
03-09-2012,1370.869995,166.380005,41.09,33.220001,1.327492,166.380005,9459,1573788.47
03-12-2012,1371.089966,165.070007,40.700001,32.630001,1.312508,165.070007,2411,397983.79
3/13/2012,1395.949951,162.300003,40.830002,32.259998,1.316829,162.300003,8046,1305865.82
3/14/2012,1394.280029,159.570007,40.41,31.27,1.308044,159.570007,7761,1238422.82
3/15/2012,1402.599976,161.080002,40.279999,31.530001,1.302253,161.080002,2023,325864.84
3/16/2012,1404.170044,161.300003,41.029999,31.59,1.307873,161.300003,8229,1327337.72
3/19/2012,1409.75,161.589996,41.290001,31.98,1.317714,161.589996,5015,810373.83
3/20/2012,1405.52002,160.130005,40.43,31.15,1.322926,160.130005,1567,250923.72
3/21/2012,1402.890015,160.210007,40.66,31.209999,1.323767,160.210007,7456,1194525.81
3/22/2012,1392.780029,159.570007,40.139999,30.540001,1.321877,159.570007,6285,1002897.49
3/23/2012,1397.109985,161.529999,40.689999,31.24,1.320481,161.529999,4301,694740.53
3/26/2012,1416.51001,164.399994,40.77,31.940001,1.336005,164.399994,1152,189388.79
3/27/2012,1412.52002,163.240005,40.709999,31.59,1.332871,163.240005,6620,1080648.83
3/28/2012,1405.540039,161.509995,40.189999,31.15,1.332623,161.509995,5651,912692.98
3/29/2012,1403.280029,161.279999,39.290001,31.35,1.331381,161.279999,9061,1461358.07
04-02-2012,1419.040039,162.940002,40.029999,32.049999,1.333333,162.940002,3592,585280.49
04-03-2012,1413.380005,159.889999,39.66,31.65,1.322524,159.889999,9270,1482180.29
04-04-2012,1398.959961,157.210007,38.84,30.33,1.314406,157.210007,5667,890909.11
04-05-2012,1398.079956,158.309998,39.259998,30.719999,1.306506,158.309998,7225,1143789.74
04-09-2012,1382.199951,159.369995,38.970001,30.59,1.311131,159.369995,4448,708877.74
04-10-2012,1358.589966,161.100006,38.509998,30.790001,1.30736,161.100006,5007,806627.73
04-11-2012,1368.709961,161.070007,39.009998,30.65,1.311992,161.070007,6861,1105101.32
04-12-2012,1387.569946,162.699997,39.439999,31.42,1.318913,162.699997,5121,833186.68
4/16/2012,1369.569946,160.460007,39.18,30.559999,1.31268,160.460007,2944,472394.26
4/17/2012,1390.780029,160.25,39.639999,30.799999,1.313543,160.25,8023,1285685.75
4/18/2012,1385.140015,159.309998,39.049999,30.639999,1.311992,159.309998,7980,1271293.78
4/19/2012,1376.920044,159.429993,38.959999,30.799999,1.314579,159.429993,8914,1421158.96
4/23/2012,1366.939941,159.070007,39.029999,29.969999,1.315201,159.070007,6783,1078971.86
4/24/2012,1371.969971,159.300003,39.169998,29.93,1.319784,159.300003,7032,1120197.62
4/25/2012,1390.689941,159.619995,39.41,29.860001,1.323276,159.619995,9048,1444241.71
4/26/2012,1399.97998,161.029999,39.529999,30.18,1.319087,161.029999,2751,442993.53
4/30/2012,1397.910034,161.880005,39.68,30.110001,1.323977,161.880005,5244,848898.75
05-01-2012,1405.819946,161.320007,40.150002,30.059999,1.323977,161.320007,3652,589140.67
05-02-2012,1402.310059,160.589996,39.889999,29.780001,1.314752,160.589996,4787,768744.31
05-03-2012,1391.569946,158.970001,38.830002,29.290001,1.315616,158.970001,2598,413004.06
05-07-2012,1369.579956,159.080002,37.049999,29.209999,1.306165,159.080002,2581,410585.49
05-08-2012,1363.719971,156.0,36.869999,28.65,1.299545,156.0,4051,631956.0
05-09-2012,1354.579956,154.470001,36.52,28.379999,1.293661,154.470001,5294,817764.19
05-10-2012,1357.98999,154.770004,36.610001,28.25,1.293494,154.770004,1884,291586.69
5/14/2012,1338.349976,151.330002,35.610001,27.42,1.283203,151.330002,8666,1311425.8
5/15/2012,1330.660034,149.740005,35.279999,26.860001,1.273561,149.740005,1841,275671.35
5/16/2012,1324.800049,149.460007,35.049999,26.370001,1.273075,149.460007,1485,221948.11
5/17/2012,1304.859985,152.800003,35.040001,27.24,1.269841,152.800003,3452,527465.61
5/21/2012,1315.98999,154.649994,35.150002,27.68,1.281066,154.649994,4494,694997.07
5/22/2012,1316.630005,152.080002,34.48,27.34,1.266464,152.080002,3940,599195.21
5/23/2012,1318.859985,151.619995,34.09,27.049999,1.256124,151.619995,9579,1452367.93
5/24/2012,1320.680054,151.410004,34.259998,27.440001,1.253604,151.410004,9134,1382978.98
5/29/2012,1332.420044,151.020004,34.23,27.1,1.247816,151.020004,7595,1146996.93
5/30/2012,1313.319946,151.910004,33.02,27.120001,1.237471,151.910004,1901,288780.92
5/31/2012,1310.329956,151.619995,32.610001,26.959999,1.236247,151.619995,8567,1298928.5
06-04-2012,1278.180054,157.320007,31.76,27.459999,1.250938,157.320007,7753,1219702.01
06-05-2012,1285.5,157.139999,31.76,27.719999,1.246261,157.139999,7623,1197878.21
06-06-2012,1315.130005,157.210007,32.150002,28.51,1.257387,157.210007,8820,1386592.26
06-07-2012,1314.98999,154.5,31.719999,27.790001,1.257071,154.5,7052,1089534.0
06-11-2012,1308.930054,155.360001,30.700001,27.790001,1.247816,155.360001,1015,157690.4
06-12-2012,1324.180054,156.460007,31.42,28.120001,1.250469,156.460007,3572,558875.15
6/13/2012,1314.880005,157.119995,31.1,28.01,1.257387,157.119995,8861,1392240.28
6/14/2012,1329.099976,157.75,31.73,27.82,1.262786,157.75,3016,475774.0
6/18/2012,1344.780029,157.929993,31.32,27.870001,1.259763,157.929993,3110,491162.28
6/19/2012,1357.97998,157.160004,31.68,27.639999,1.26807,157.160004,9812,1542053.96
6/20/2012,1355.689941,155.970001,30.49,27.26,1.26807,155.970001,8117,1266008.5
6/21/2012,1325.51001,152.020004,29.459999,26.120001,1.255178,152.020004,7744,1177242.91
6/25/2012,1313.719971,153.759995,29.799999,26.709999,1.250469,153.759995,9000,1383839.96
6/26/2012,1319.98999,152.619995,29.809999,26.299999,1.248751,152.619995,4049,617958.36
6/27/2012,1331.849976,152.830002,30.200001,26.129999,1.247349,152.830002,8596,1313726.7
6/28/2012,1329.040039,151.050003,29.5,25.629999,1.244091,151.050003,9446,1426818.33
07-02-2012,1365.51001,155.089996,31.43,26.73,1.258178,155.089996,7775,1205824.72
07-03-2012,1374.02002,157.460007,32.939999,27.49,1.260557,157.460007,9172,1444223.18
07-05-2012,1367.579956,155.679993,32.619999,26.879999,1.239157,155.679993,6197,964748.92
07-09-2012,1352.459961,154.039993,32.169998,26.540001,1.23183,154.039993,2341,360607.62
07-10-2012,1341.469971,152.149994,31.52,26.059999,1.22564,152.149994,8352,1270756.75
07-11-2012,1341.449951,152.990005,32.330002,26.25,1.224725,152.990005,8424,1288787.8
07-12-2012,1334.76001,152.589996,32.200001,26.35,1.219274,152.589996,8799,1342639.37
7/16/2012,1353.640015,154.210007,33.119999,26.49,1.226843,154.210007,8569,1321425.55
7/17/2012,1363.670044,153.470001,33.380001,26.469999,1.229559,153.470001,6022,924196.35
7/18/2012,1372.780029,153.050003,33.689999,26.42,1.227747,153.050003,7575,1159353.77
7/19/2012,1376.51001,153.380005,34.639999,26.42,1.227687,153.380005,1802,276390.77
7/23/2012,1350.52002,153.029999,33.0,26.209999,1.212415,153.029999,8724,1335033.71
7/24/2012,1338.310059,153.520004,33.150002,26.219999,1.206185,153.520004,7408,1137276.19
7/25/2012,1337.890015,155.669998,33.209999,26.530001,1.214034,155.669998,5620,874865.39
7/26/2012,1360.02002,156.770004,33.41,26.709999,1.228049,156.770004,7670,1202425.93
7/30/2012,1385.300049,157.429993,33.450001,27.360001,1.225941,157.429993,6987,1099963.36
7/31/2012,1379.319946,156.490005,32.68,27.120001,1.229407,156.490005,8171,1278679.83
08-01-2012,1375.319946,155.139999,33.169998,26.540001,1.22414,155.139999,7961,1235069.53
08-02-2012,1365.0,154.130005,32.599998,26.309999,1.218027,154.130005,8487,1308101.35
08-06-2012,1394.22998,156.300003,34.419998,27.110001,1.239004,156.300003,5962,931860.62
08-07-2012,1401.349976,156.279999,34.91,27.27,1.238697,156.279999,4127,644967.56
08-08-2012,1402.219971,156.479996,34.869999,27.209999,1.237333,156.479996,8878,1389229.4
08-09-2012,1402.800049,156.990005,34.93,27.290001,1.229407,156.990005,8735,1371307.69
8/13/2012,1404.109985,155.990005,34.66,26.92,1.232742,155.990005,3018,470777.84
8/14/2012,1403.930054,155.130005,34.919998,26.959999,1.23259,155.130005,3277,508361.03
8/15/2012,1405.530029,155.630005,35.189999,26.969999,1.228954,155.630005,2726,424247.39
8/16/2012,1415.51001,156.559998,35.560001,27.370001,1.235788,156.559998,4638,726125.27
8/20/2012,1418.130005,157.259995,35.830002,27.950001,1.23533,157.259995,2702,424916.51
8/21/2012,1413.170044,158.830002,35.98,28.370001,1.247661,158.830002,4084,648661.73
8/22/2012,1413.48999,160.539993,36.220001,28.92,1.253447,160.539993,2247,360733.36
8/23/2012,1402.079956,161.889999,35.759998,29.6,1.256124,161.889999,8749,1416375.6
8/27/2012,1410.439941,161.360001,35.610001,29.74,1.250156,161.360001,2567,414211.12
8/28/2012,1409.300049,161.639999,35.790001,29.93,1.257229,161.639999,8722,1409824.07
8/29/2012,1410.48999,160.589996,35.380001,29.75,1.253133,160.589996,8427,1353291.9
8/30/2012,1399.47998,160.520004,35.259998,29.440001,1.251095,160.520004,8148,1307916.99
09-04-2012,1404.939941,164.479996,35.509998,31.360001,1.253447,164.479996,8650,1422751.97
09-05-2012,1403.439941,164.309998,35.57,31.27,1.260239,164.309998,9331,1533176.59
09-06-2012,1432.119995,164.889999,35.23,31.67,1.263264,164.889999,4305,709851.45
09-10-2012,1429.079956,167.289993,35.849998,32.290001,1.276161,167.289993,8248,1379807.86
09-11-2012,1433.560059,167.899994,36.110001,32.41,1.285182,167.899994,1752,294160.79
09-12-2012,1436.560059,167.919998,36.040001,32.209999,1.290323,167.919998,1790,300576.8
9/13/2012,1459.98999,171.309998,36.509998,33.610001,1.299376,171.309998,5552,951113.11
9/17/2012,1461.189941,170.399994,35.75,32.990002,1.311011,170.399994,1300,221519.99
9/18/2012,1459.319946,171.720001,35.57,33.709999,1.304631,171.720001,8903,1528823.17
9/19/2012,1461.050049,171.740005,34.119999,33.57,1.305824,171.740005,5466,938730.87
9/20/2012,1460.26001,171.470001,34.509998,33.580002,1.297353,171.470001,9993,1713499.72
9/24/2012,1456.890015,171.050003,34.09,32.93,1.294163,171.050003,2682,458756.11
9/25/2012,1441.589966,170.770004,33.75,32.68,1.290006,170.770004,5997,1024107.71
9/26/2012,1433.319946,169.809998,33.34,32.869999,1.288162,169.809998,1227,208356.87
9/27/2012,1447.150024,172.339996,34.150002,33.580002,1.291322,172.339996,1700,292977.99
10-01-2012,1444.48999,172.289993,34.25,33.650002,1.288826,172.289993,7606,1310437.69
10-02-2012,1445.75,172.100006,34.02,33.5,1.291656,172.100006,1989,342306.91
10-03-2012,1450.98999,172.410004,32.610001,33.509998,1.292324,172.410004,6397,1102906.8
10-04-2012,1461.400024,173.610001,33.939999,33.93,1.301744,173.610001,5162,896174.83
10-08-2012,1455.880005,172.050003,33.220001,32.970001,1.29769,172.050003,1611,277172.55
10-09-2012,1441.47998,170.990005,34.18,32.830002,1.285843,170.990005,4443,759708.59
10-10-2012,1432.560059,170.839996,33.84,32.950001,1.285843,170.839996,4071,695489.62
10-11-2012,1432.839966,171.320007,34.290001,32.900002,1.293326,171.320007,2734,468388.9
10/15/2012,1440.130005,168.350006,34.0,31.66,1.296849,168.350006,8221,1384005.4
10/16/2012,1454.920044,169.419998,34.130001,31.93,1.310788,169.419998,1795,304108.9
10/17/2012,1460.910034,169.539993,34.099998,32.119999,1.311648,169.539993,7557,1281213.73
10/18/2012,1457.339966,168.789993,34.07,31.73,1.306916,168.789993,4621,779978.56
10/22/2012,1433.819946,167.580002,32.900002,31.389999,1.307019,167.580002,1665,279020.7
10/23/2012,1413.109985,165.429993,31.969999,30.68,1.297353,165.429993,1734,286855.61
10/24/2012,1408.75,164.860001,31.629999,30.709999,1.296512,164.860001,7922,1306020.93
10/25/2012,1412.969971,166.020004,31.780001,31.120001,1.293828,166.020004,2407,399610.15
10/31/2012,1412.160034,166.830002,31.780001,31.27,1.29626,166.830002,9784,1632264.74
11-01-2012,1427.589966,166.070007,32.060001,31.219999,1.296512,166.070007,9943,1651234.08
11-02-2012,1414.199951,162.600006,31.35,29.950001,1.294834,162.600006,7037,1144216.24
11-05-2012,1417.26001,163.229996,31.610001,30.17,1.282791,163.229996,5103,832962.67
11-06-2012,1428.390015,166.300003,32.560001,31.01,1.280246,166.300003,9915,1648864.53
11-07-2012,1394.530029,166.490005,31.209999,30.83,1.280803,166.490005,5384,896382.19
11-08-2012,1377.51001,167.990005,31.299999,31.379999,1.275998,167.990005,3964,665912.38
11-09-2012,1379.849976,167.820007,31.73,31.540001,1.274535,167.820007,5428,910927.0
11-12-2012,1380.030029,167.449997,31.59,31.370001,1.272394,167.449997,2175,364203.74
11/13/2012,1374.530029,167.100006,31.41,31.4,1.270971,167.100006,4862,812440.23
11/14/2012,1355.48999,167.139999,31.77,31.639999,1.270971,167.139999,4353,727560.42
11/15/2012,1353.329956,166.089996,31.49,31.530001,1.273237,166.089996,9043,1501951.83
11/16/2012,1359.880005,165.880005,31.93,31.209999,1.278445,165.880005,4408,731199.06
11/19/2012,1386.890015,167.869995,32.669998,32.049999,1.27595,167.869995,4590,770523.28
11/20/2012,1387.810059,167.389999,31.950001,32.110001,1.276944,167.389999,3984,666881.76
11/21/2012,1391.030029,167.559998,32.119999,32.290001,1.281443,167.559998,2317,388236.52
11/23/2012,1409.150024,169.610001,32.32,32.98,1.287515,169.610001,5440,922678.41
11/26/2012,1406.290039,169.429993,32.189999,33.02,1.296596,169.429993,1365,231271.94
11/27/2012,1398.939941,168.710007,31.98,32.93,1.298701,168.710007,6439,1086323.74
11/28/2012,1409.930054,166.550003,31.790001,32.619999,1.293828,166.550003,4046,673861.31
11/29/2012,1415.949951,167.179993,32.169998,33.130001,1.295337,167.179993,9981,1668623.51
11/30/2012,1416.180054,166.050003,32.560001,32.360001,1.297353,166.050003,6631,1101077.57
12-03-2012,1409.459961,166.130005,32.599998,32.52,1.29968,166.130005,9245,1535871.9
12-05-2012,1409.280029,164.119995,32.220001,31.82,1.309929,164.119995,3039,498760.66
12-06-2012,1413.939941,164.5,31.66,31.93,1.307019,164.5,2719,447275.5
12-07-2012,1418.069946,165.160004,31.530001,32.029999,1.296344,165.160004,1983,327512.29
12-10-2012,1418.550049,165.800003,31.389999,32.139999,1.290606,165.800003,8016,1329052.82
12-11-2012,1427.839966,165.649994,31.469999,31.91,1.293828,165.649994,9633,1595706.39
12-12-2012,1428.47998,165.770004,31.780001,32.369999,1.301321,165.770004,1279,212019.84
12/13/2012,1419.449951,164.369995,31.58,31.530001,1.306677,164.369995,9201,1512368.32
12/14/2012,1413.579956,164.130005,31.809999,31.17,1.307873,164.130005,2873,471545.5
12/17/2012,1430.359985,164.440002,32.009998,31.200001,1.316586,164.440002,3932,646578.09
12/18/2012,1446.790039,162.080002,32.18,30.65,1.316482,162.080002,1669,270511.52
12/19/2012,1435.810059,161.690002,32.669998,30.110001,1.323101,161.690002,3428,554273.33
12/20/2012,1443.689941,159.729996,32.73,29.0,1.321528,159.729996,3419,546116.86
12/21/2012,1430.150024,160.330002,32.360001,29.0,1.323767,160.330002,8949,1434793.19
12/24/2012,1426.660034,160.619995,32.240002,28.940001,1.3182,160.619995,6641,1066677.39
12/26/2012,1419.829956,160.779999,33.150002,29.01,1.318044,160.779999,2794,449219.32
12/27/2012,1418.099976,161.160004,33.189999,29.24,1.322576,161.160004,7169,1155356.07
12/28/2012,1402.430054,160.539993,33.040001,29.1,1.32503,160.539993,9150,1468940.94
12/31/2012,1426.189941,162.020004,33.369999,29.370001,1.322769,162.020004,9037,1464174.78
01-02-2013,1462.420044,163.169998,33.82,29.92,1.319784,163.169998,7572,1235523.22
01-03-2013,1459.369995,161.199997,33.740002,29.18,1.318218,161.199997,7548,1216737.58
01-04-2013,1466.469971,160.440002,33.880001,29.24,1.303271,160.440002,9964,1598624.18
01-07-2013,1461.890015,159.429993,33.919998,29.18,1.306745,159.429993,8170,1302543.04
01-08-2013,1457.150024,160.559998,33.959999,29.379999,1.312508,160.559998,6986,1121672.15
01-09-2013,1461.02002,160.490005,33.880001,29.35,1.308233,160.490005,7675,1231760.79
01-10-2013,1472.119995,161.979996,34.169998,29.780001,1.305483,161.979996,9156,1483088.84
01-11-2013,1472.050049,161.059998,34.060001,29.48,1.327316,161.059998,3155,508144.29
1/14/2013,1470.680054,161.539993,34.279999,30.040001,1.336202,161.539993,2598,419680.9
1/15/2013,1472.339966,162.559998,33.990002,30.360001,1.337793,162.559998,3586,582940.15
1/16/2013,1472.630005,162.649994,34.279999,30.450001,1.330849,162.649994,7757,1261676.0
1/17/2013,1480.939941,163.350006,34.669998,30.67,1.32908,163.350006,1258,205494.31
1/18/2013,1485.97998,163.089996,34.77,30.809999,1.337256,163.089996,7323,1194308.04
1/22/2013,1492.560059,163.669998,35.009998,31.120001,1.33115,163.669998,4440,726694.79
1/23/2013,1494.810059,163.210007,34.610001,31.190001,1.331398,163.210007,8665,1414214.71
1/24/2013,1494.819946,161.419998,34.759998,30.65,1.330849,161.419998,7944,1282320.46
1/25/2013,1502.959961,160.649994,34.779999,30.209999,1.336934,160.649994,6856,1101416.36
1/28/2013,1500.180054,160.289993,34.939999,29.85,1.346602,160.289993,9564,1533013.49
1/29/2013,1507.839966,160.990005,35.290001,30.32,1.344628,160.990005,6218,1001035.85
1/30/2013,1501.959961,162.190002,35.490002,30.92,1.349164,162.190002,5685,922050.16
1/31/2013,1498.109985,161.199997,35.279999,30.440001,1.356834,161.199997,2301,370921.19
02-01-2013,1513.170044,161.449997,35.349998,30.780001,1.3611,161.449997,4283,691490.34
02-04-2013,1495.709961,162.0,34.779999,30.690001,1.364871,162.0,6765,1095930.0
02-05-2013,1511.290039,161.960007,35.029999,30.76,1.351169,161.960007,4217,682985.35
02-06-2013,1512.119995,162.389999,35.040001,30.809999,1.358142,162.389999,7928,1287427.91
02-07-2013,1509.390015,161.839996,34.68,30.459999,1.352393,161.839996,2677,433245.67
02-08-2013,1517.930054,161.570007,34.700001,30.43,1.338939,161.570007,4545,734335.68
02-11-2013,1517.01001,159.699997,35.119999,30.0,1.336827,159.699997,9610,1534716.97
02-12-2013,1519.430054,159.889999,35.279999,30.09,1.340357,159.889999,4365,697919.85
2/13/2013,1520.329956,159.050003,35.189999,29.77,1.345207,159.050003,5902,938713.12
2/14/2013,1521.380005,158.350006,35.27,29.459999,1.344447,158.350006,7036,1114150.64
2/15/2013,1519.790039,155.759995,34.720001,28.83,1.335292,155.759995,4720,735187.18
2/19/2013,1530.939941,155.330002,34.959999,28.450001,1.334721,155.330002,5029,781154.58
2/20/2013,1511.949951,151.440002,34.169998,27.59,1.339585,151.440002,3382,512170.09
2/21/2013,1502.420044,152.619995,33.43,27.73,1.327316,152.619995,4951,755621.6
2/22/2013,1515.599976,152.970001,33.599998,27.83,1.319435,152.970001,1926,294620.22
2/25/2013,1487.849976,154.339996,33.209999,28.07,1.319592,154.339996,6470,998579.77
2/26/2013,1496.939941,156.220001,33.330002,28.41,1.306506,156.220001,5263,822185.87
2/27/2013,1515.98999,154.570007,33.400002,28.01,1.306592,154.570007,2942,454744.96
2/28/2013,1514.680054,153.0,33.060001,27.540001,1.315097,153.0,3141,480573.0
03-01-2013,1518.199951,152.440002,32.740002,27.620001,1.305995,152.440002,7177,1094061.89
03-04-2013,1525.199951,152.300003,32.400002,27.6,1.301693,152.300003,8858,1349073.43
03-05-2013,1539.790039,152.380005,32.689999,27.75,1.303611,152.380005,1400,213332.01
03-06-2013,1541.459961,153.229996,32.540001,28.1,1.304853,153.229996,7941,1216799.4
03-07-2013,1544.26001,152.690002,32.939999,27.91,1.297858,152.690002,8104,1237399.78
03-08-2013,1551.180054,152.710007,33.049999,28.01,1.311131,152.710007,9649,1473498.86
03-11-2013,1556.219971,152.990005,33.040001,28.02,1.298802,152.990005,1359,207913.42
03-12-2013,1552.47998,154.190002,33.259998,28.200001,1.303271,154.190002,6577,1014107.64
3/13/2013,1554.52002,153.660004,33.189999,27.940001,1.302932,153.660004,9658,1484048.32
3/14/2013,1563.22998,153.679993,33.419998,27.799999,1.29584,153.679993,1398,214844.63
3/15/2013,1560.699951,154.0,33.599998,27.799999,1.301236,154.0,1038,159852.0
3/18/2013,1552.099976,155.380005,33.650002,27.950001,1.289275,155.380005,4077,633484.28
3/19/2013,1548.339966,156.080002,33.07,27.93,1.294498,156.080002,1626,253786.08
3/20/2013,1558.709961,155.369995,33.450001,27.809999,1.286389,155.369995,8266,1284288.38
3/21/2013,1545.800049,156.25,33.049999,28.18,1.294163,156.25,1614,252187.5
3/22/2013,1556.890015,155.550003,33.610001,27.75,1.290489,155.550003,8133,1265088.17
3/25/2013,1551.689941,155.240005,33.849998,27.84,1.302406,155.240005,2696,418527.05
3/26/2013,1563.77002,154.720001,34.450001,27.75,1.285843,154.720001,2751,425634.72
3/27/2013,1562.849976,155.360001,34.549999,27.73,1.286008,155.360001,1825,283532.0
3/28/2013,1569.189941,154.449997,34.75,27.42,1.277792,154.449997,6936,1071265.18
04-01-2013,1562.170044,154.669998,34.68,27.09,1.285017,154.669998,5494,849756.97
04-02-2013,1570.25,152.429993,34.650002,26.35,1.282051,152.429993,4824,735322.29
04-03-2013,1553.689941,150.729996,33.759998,26.09,1.285017,150.729996,6496,979142.05
04-04-2013,1559.97998,150.289993,33.389999,25.99,1.292825,150.289993,8266,1242297.08
04-08-2013,1563.069946,152.160004,33.490002,26.32,1.302932,152.160004,4094,622943.06
04-09-2013,1568.609985,153.339996,33.639999,27.030001,1.308027,153.339996,2730,418618.19
04-10-2013,1587.72998,150.75,33.830002,26.68,1.305534,150.75,7704,1161378.0
04-11-2013,1593.369995,151.050003,33.459999,26.700001,1.311475,151.050003,2803,423393.16
4/15/2013,1552.359985,131.309998,31.49,22.09,1.305466,131.309998,6518,855878.57
4/16/2013,1574.569946,132.800003,31.76,22.67,1.31787,132.800003,8610,1143408.03
4/17/2013,1552.01001,132.869995,31.01,22.440001,1.303492,132.869995,5703,757757.58
4/18/2013,1541.609985,134.300003,31.639999,22.4,1.305313,134.300003,2641,354686.31
4/22/2013,1562.5,137.899994,31.82,22.620001,1.306165,137.899994,2039,281178.09
4/23/2013,1578.780029,136.880005,31.860001,22.18,1.299444,136.880005,1495,204635.61
4/24/2013,1578.790039,138.369995,32.66,22.42,1.301744,138.369995,9894,1369032.73
4/25/2013,1585.160034,141.630005,33.25,23.49,1.300728,141.630005,1090,154376.71
4/29/2013,1593.609985,142.300003,33.610001,23.540001,1.309586,142.300003,2901,412812.31
4/30/2013,1597.569946,142.770004,33.16,23.459999,1.316829,142.770004,6694,955702.41
05-01-2013,1582.699951,141.110001,32.389999,22.860001,1.318218,141.110001,2920,412041.2
05-02-2013,1597.589966,141.919998,33.490002,23.02,1.306506,141.919998,8015,1137488.78
05-06-2013,1617.5,142.149994,34.139999,23.18,1.307019,142.149994,6531,928381.61
05-07-2013,1625.959961,140.380005,34.009998,23.1,1.307702,140.380005,4797,673402.88
05-08-2013,1632.689941,142.460007,34.400002,23.120001,1.316136,142.460007,5009,713582.18
05-09-2013,1626.670044,140.809998,34.169998,22.889999,1.303441,140.809998,3877,545920.36
5/13/2013,1633.77002,138.429993,33.860001,22.83,1.298802,138.429993,9647,1335434.14
5/14/2013,1650.339966,137.809998,33.560001,22.57,1.293711,137.809998,2310,318341.1
5/15/2013,1658.780029,134.630005,33.610001,21.76,1.288245,134.630005,1305,175692.16
5/16/2013,1650.469971,134.089996,33.869999,21.950001,1.288328,134.089996,7874,1055824.63
5/20/2013,1666.290039,135.119995,34.439999,22.280001,1.289108,135.119995,1310,177007.19
5/21/2013,1669.160034,132.880005,34.110001,21.620001,1.291906,132.880005,8612,1144362.6
5/22/2013,1655.349976,131.940002,33.459999,21.51,1.284208,131.940002,8896,1173738.26
5/23/2013,1650.51001,134.610001,33.540001,21.879999,1.292507,134.610001,4981,670492.41
5/28/2013,1660.060059,133.490005,33.790001,21.530001,1.284637,133.490005,1507,201169.44
5/29/2013,1648.359985,134.830002,33.099998,21.709999,1.294783,134.830002,3896,525297.69
5/30/2013,1654.410034,136.699997,33.25,21.98,1.304393,136.699997,4039,552131.29
06-03-2013,1640.420044,136.509995,33.16,21.98,1.307292,136.509995,9042,1234323.37
06-04-2013,1631.380005,135.229996,33.200001,21.77,1.307343,135.229996,1079,145913.17
06-05-2013,1608.900024,135.520004,33.259998,21.780001,1.309329,135.520004,8203,1111670.59
06-06-2013,1622.560059,136.529999,33.619999,21.93,1.324556,136.529999,1887,257632.11
06-10-2013,1642.810059,133.940002,34.0,21.16,1.322401,133.940002,6400,857216.01
06-11-2013,1626.130005,133.25,33.790001,20.91,1.322401,133.25,4226,563114.5
06-12-2013,1612.52002,134.25,34.029999,21.02,1.333956,134.25,9576,1285578.0
6/13/2013,1636.359985,133.740005,34.330002,21.040001,1.336791,133.740005,9463,1265581.67
6/17/2013,1639.040039,133.770004,34.759998,21.1,1.336309,133.770004,9106,1218109.66
6/18/2013,1651.810059,132.130005,34.959999,20.879999,1.338993,132.130005,7159,945918.71
6/19/2013,1628.930054,130.589996,34.779999,20.6,1.329186,130.589996,6693,874038.84
6/20/2013,1588.189941,123.599998,33.630001,18.969999,1.323557,123.599998,9536,1178649.58
6/24/2013,1573.089966,123.93,33.639999,18.969999,1.313232,123.93,7681,951906.33
6/25/2013,1588.030029,123.470001,33.740002,18.91,1.307976,123.470001,9820,1212475.41
6/26/2013,1603.26001,118.279999,33.799999,17.889999,1.301338,118.279999,1534,181441.52
6/27/2013,1613.199951,115.940002,34.330002,17.889999,1.303594,115.940002,1982,229793.08
07-01-2013,1614.959961,121.129997,34.669998,18.93,1.306762,121.129997,9124,1105190.09
07-02-2013,1614.079956,120.050003,35.209999,18.68,1.297892,120.050003,2651,318252.56
07-03-2013,1615.410034,120.739998,35.84,19.02,1.301084,120.739998,4137,499501.37
07-08-2013,1640.459961,119.510002,36.41,18.42,1.287101,119.510002,6053,723394.04
07-09-2013,1652.319946,120.620003,36.77,18.57,1.278184,120.620003,3876,467523.13
07-10-2013,1652.619995,120.949997,37.43,18.48,1.318774,120.949997,7312,884386.38
07-11-2013,1675.02002,124.239998,37.009998,19.49,1.309775,124.239998,9942,1235194.06
7/15/2013,1682.5,124.18,37.669998,19.280001,1.305875,124.18,1496,185773.28
7/16/2013,1676.26001,124.889999,37.48,19.33,1.315115,124.889999,1975,246657.75
7/17/2013,1680.910034,123.32,37.799999,18.66,1.311699,123.32,4471,551363.72
7/18/2013,1689.369995,124.010002,38.34,18.719999,1.311063,124.010002,2791,346111.92
7/22/2013,1695.530029,128.839996,37.919998,19.77,1.319035,128.839996,5406,696509.02
7/23/2013,1692.390015,129.710007,38.09,19.77,1.322332,129.710007,5992,777222.36
7/24/2013,1685.939941,127.480003,37.400002,19.469999,1.319087,127.480003,4202,535670.97
7/25/2013,1690.25,128.669998,37.580002,19.5,1.327422,128.669998,2285,294010.95
7/29/2013,1685.329956,128.470001,37.130001,19.139999,1.326365,128.470001,1809,232402.23
7/30/2013,1685.959961,128.119995,36.669998,19.030001,1.326489,128.119995,6989,895430.65
7/31/2013,1685.72998,127.959999,37.360001,19.139999,1.330141,127.959999,8067,1032253.31
08-01-2013,1706.869995,126.610001,38.27,18.969999,1.321196,126.610001,6770,857149.71
08-05-2013,1707.140015,125.699997,37.830002,19.01,1.32575,125.699997,4780,600845.99
08-06-2013,1697.369995,123.970001,37.459999,18.83,1.330814,123.970001,9379,1162714.64
08-07-2013,1690.910034,124.150002,37.009998,18.83,1.334098,124.150002,5319,660353.86
08-08-2013,1697.47998,126.860001,36.84,19.6,1.338007,126.860001,5245,665380.71
08-12-2013,1689.469971,129.130005,37.759998,20.620001,1.329292,129.130005,4762,614917.08
8/13/2013,1694.160034,127.739998,37.900002,20.709999,1.326559,127.739998,9918,1266925.3
8/14/2013,1685.390015,129.0,38.09,21.09,1.326418,129.0,4823,622167.0
8/15/2013,1661.319946,131.690002,38.240002,22.15,1.335399,131.690002,6194,815687.87
8/19/2013,1646.060059,132.009995,38.169998,22.34,1.333387,132.009995,4670,616486.68
8/20/2013,1652.349976,132.449997,37.52,22.190001,1.342102,132.449997,4157,550594.64
8/21/2013,1642.800049,132.070007,37.169998,22.139999,1.334294,132.070007,9829,1298116.1
8/22/2013,1656.959961,132.809998,37.540001,22.27,1.335506,132.809998,4633,615308.72
8/26/2013,1656.780029,135.449997,37.959999,23.459999,1.337918,135.449997,7598,1029149.08
8/27/2013,1630.47998,136.75,38.869999,23.59,1.339208,136.75,1187,162322.25
8/28/2013,1634.959961,136.710007,39.080002,23.43,1.333493,136.710007,4656,636521.79
8/29/2013,1638.170044,135.869995,38.580002,23.0,1.323627,135.869995,7754,1053535.94
09-03-2013,1639.77002,136.419998,38.759998,23.389999,1.317402,136.419998,1481,202038.02
09-04-2013,1653.079956,134.660004,38.34,22.690001,1.320062,134.660004,6949,935752.37
09-05-2013,1655.079956,132.199997,38.689999,22.379999,1.311837,132.199997,7044,931216.78
09-09-2013,1671.709961,133.910004,38.939999,22.84,1.325803,133.910004,5155,690306.07
09-10-2013,1683.98999,131.740005,38.34,22.129999,1.326629,131.740005,3872,510097.3
09-11-2013,1689.130005,131.699997,38.48,22.290001,1.331558,131.699997,7093,934148.08
09-12-2013,1683.420044,127.669998,38.869999,21.059999,1.329893,127.669998,3558,454249.85
9/16/2013,1697.599976,126.449997,38.110001,20.940001,1.333796,126.449997,2432,307526.39
9/17/2013,1704.76001,126.5,37.740002,20.959999,1.335791,126.5,3252,411378.0
9/18/2013,1725.52002,132.009995,38.68,22.309999,1.352302,132.009995,2775,366327.74
9/19/2013,1722.339966,131.75,38.080002,22.200001,1.353418,131.75,3066,403945.5
9/23/2013,1701.839966,127.550003,37.27,20.780001,1.349892,127.550003,6390,815044.52
9/24/2013,1697.420044,127.660004,37.220001,20.889999,1.347182,127.660004,1133,144638.78
9/25/2013,1692.77002,128.789993,36.880001,20.98,1.351698,128.789993,1619,208511.0
9/26/2013,1698.670044,127.790001,37.080002,20.92,1.348618,127.790001,6821,871655.6
9/30/2013,1681.550049,128.179993,36.849998,20.9,1.352521,128.179993,9257,1186562.2
10-01-2013,1695.0,124.589996,36.68,20.41,1.352338,124.589996,8293,1033224.84
10-02-2013,1693.869995,127.059998,37.419998,20.92,1.359102,127.059998,5012,636824.71
10-03-2013,1678.660034,127.18,37.139999,20.92,1.362416,127.18,6630,843203.4
10-08-2013,1655.449951,127.400002,37.310001,21.49,1.359804,127.400002,5408,688979.21
10-09-2013,1656.400024,126.110001,36.549999,21.049999,1.352027,126.110001,8301,1046839.12
10-10-2013,1692.560059,124.269997,37.099998,20.83,1.352667,124.269997,4527,562570.28
10/14/2013,1710.140015,122.830002,36.869999,20.5,1.355859,122.830002,3829,470316.08
10/15/2013,1698.060059,123.730003,36.470001,20.559999,1.352174,123.730003,1873,231746.3
10/16/2013,1721.540039,123.540001,36.919998,20.5,1.352247,123.540001,2290,282906.6
10/17/2013,1733.150024,127.419998,36.380001,21.049999,1.366699,127.419998,4593,585240.05
10/21/2013,1744.660034,126.980003,35.939999,21.41,1.367596,126.980003,1706,216627.89
10/22/2013,1754.670044,129.339996,35.41,21.870001,1.377847,129.339996,3521,455406.13
10/23/2013,1746.380005,128.690002,34.950001,21.75,1.378094,128.690002,3621,465986.5
10/24/2013,1752.069946,129.899994,34.990002,21.870001,1.380396,129.899994,1703,221219.69
10/28/2013,1762.109985,130.559998,35.549999,21.68,1.380529,130.559998,5173,675386.87
10/29/2013,1771.949951,129.770004,35.41,21.690001,1.37893,129.770004,8116,1053213.35
10/30/2013,1763.310059,129.600006,34.849998,21.879999,1.374306,129.600006,6208,804556.84
10/31/2013,1756.540039,127.739998,34.689999,21.1,1.372401,127.739998,1743,222650.82
11-01-2013,1761.640015,126.949997,34.130001,21.08,1.357976,126.949997,1659,210610.05
11-04-2013,1767.930054,126.809998,34.040001,20.85,1.3494,126.809998,8362,1060385.2
11-05-2013,1762.969971,126.559998,33.669998,20.9,1.351698,126.559998,8688,1099553.26
11-06-2013,1770.48999,127.199997,34.189999,21.0,1.347309,127.199997,1938,246513.59
11-07-2013,1747.150024,126.160004,33.970001,20.83,1.351808,126.160004,2396,302279.37
11-08-2013,1770.609985,124.279999,34.009998,20.690001,1.340914,124.279999,3344,415592.32
11-11-2013,1771.890015,123.870003,34.259998,20.6,1.334793,123.870003,5929,734425.25
11-12-2013,1767.689941,122.449997,33.639999,20.0,1.340932,122.449997,1400,171430.0
11/13/2013,1782.0,122.849998,33.900002,19.780001,1.343996,122.849998,7382,906878.69
11/14/2013,1790.619995,124.269997,33.93,20.049999,1.348963,124.269997,3560,442401.19
11/15/2013,1798.180054,124.32,33.880001,20.0,1.344899,124.32,3131,389245.92
11/18/2013,1791.530029,122.900002,33.619999,19.67,1.348399,122.900002,3555,436909.51
11/19/2013,1787.869995,122.949997,33.720001,19.610001,1.350439,122.949997,9060,1113926.97
11/20/2013,1781.369995,120.120003,33.630001,19.139999,1.356742,120.120003,1291,155074.92
11/21/2013,1795.849976,119.940002,34.169998,19.24,1.343382,119.940002,8031,963238.16
11/22/2013,1804.76001,119.919998,34.040001,19.129999,1.347182,119.919998,8876,1064409.9
11/25/2013,1802.47998,120.459999,33.82,19.27,1.355234,120.459999,4271,514484.66
11/26/2013,1802.75,119.82,33.689999,19.129999,1.352759,119.82,6412,768285.84
11/27/2013,1807.22998,119.459999,33.189999,18.959999,1.356779,119.459999,5509,658105.13
11/29/2013,1805.810059,120.699997,33.459999,19.24,1.360396,120.699997,7467,901266.88
12-02-2013,1800.900024,117.580002,33.68,18.459999,1.358511,117.580002,9176,1078914.1
12-03-2013,1795.150024,117.959999,34.509998,18.42,1.354206,117.959999,5698,672136.07
12-04-2013,1792.810059,119.959999,34.880001,19.0,1.359065,119.959999,6689,802412.43
12-05-2013,1785.030029,118.300003,34.93,18.690001,1.35864,118.300003,9834,1163362.23
12-06-2013,1805.089966,118.550003,35.049999,18.76,1.366998,118.550003,7576,898134.82
12-09-2013,1808.369995,119.720001,34.91,19.120001,1.370652,119.720001,2294,274637.68
12-10-2013,1802.619995,121.82,35.310001,19.66,1.374023,121.82,7942,967494.44
12-11-2013,1782.219971,120.860001,34.98,19.549999,1.376444,120.860001,4134,499635.24
12-12-2013,1775.5,118.290001,34.970001,18.809999,1.378607,118.290001,4243,501904.47
12/13/2013,1775.319946,119.379997,34.639999,18.950001,1.375081,119.379997,7271,868011.96
12/16/2013,1786.540039,119.690002,34.939999,19.219999,1.373928,119.690002,5682,680078.59
12/17/2013,1781.0,118.650002,34.869999,19.139999,1.376292,118.650002,5526,655659.91
12/18/2013,1810.650024,117.610001,35.029999,19.09,1.377126,117.610001,8496,999214.57
12/19/2013,1809.599976,114.82,35.32,18.49,1.368495,114.82,1227,140884.14
12/20/2013,1818.319946,115.940002,35.48,18.620001,1.365579,115.940002,9749,1130299.08
12/23/2013,1827.98999,115.57,35.360001,18.719999,1.367839,115.57,5095,588829.15
12/24/2013,1833.319946,116.099998,35.490002,18.76,1.369994,116.099998,6575,763357.49
12/26/2013,1842.02002,116.739998,35.650002,19.02,1.366848,116.739998,3389,395631.85
12/27/2013,1841.400024,117.120003,35.84,19.27,1.369619,117.120003,7606,890814.74
12/30/2013,1841.069946,115.389999,35.529999,18.85,1.375024,115.389999,8122,937197.57
12/31/2013,1848.359985,116.120003,35.32,18.709999,1.381006,116.120003,4661,541235.33
01-02-2014,1831.97998,118.0,34.23,19.23,1.376671,118.0,2204,260072.0
01-03-2014,1831.369995,119.290001,33.75,19.42,1.366662,119.290001,3037,362283.73
01-06-2014,1826.77002,119.5,33.57,19.42,1.359601,119.5,6290,751655.0
01-07-2014,1837.880005,118.82,33.580002,19.129999,1.363196,118.82,4436,527085.52
01-08-2014,1837.48999,118.120003,33.16,18.83,1.361637,118.120003,3953,466928.37
01-09-2014,1838.130005,118.459999,33.080002,18.84,1.357202,118.459999,9842,1165883.31
01-10-2014,1842.369995,120.260002,33.189999,19.379999,1.360711,120.260002,9659,1161591.36
1/13/2014,1819.199951,121.019997,32.810001,19.68,1.367185,121.019997,1438,174026.76
1/14/2014,1838.880005,119.889999,33.040001,19.42,1.366998,119.889999,5085,609640.64
1/15/2014,1848.380005,119.660004,33.77,19.4,1.366848,119.660004,5679,679549.16
1/16/2014,1845.890015,119.790001,33.650002,19.35,1.359934,119.790001,9321,1116562.6
1/17/2014,1838.699951,120.93,33.689999,19.51,1.361804,120.93,1552,187683.36
1/21/2014,1843.800049,119.699997,33.990002,19.17,1.354903,119.699997,2851,341264.69
1/22/2014,1844.859985,119.190002,34.560001,19.030001,1.355914,119.190002,8131,969133.91
1/23/2014,1828.459961,121.790001,34.720001,19.26,1.354224,121.790001,5915,720387.86
1/24/2014,1790.290039,122.290001,34.580002,19.16,1.368907,122.290001,1152,140878.08
1/27/2014,1781.560059,120.959999,34.23,18.889999,1.368794,120.959999,2412,291755.52
1/28/2014,1792.5,120.949997,34.689999,18.85,1.367465,120.949997,4249,513916.54
1/29/2014,1774.199951,122.470001,34.73,19.02,1.365505,122.470001,2622,321116.34
1/30/2014,1794.189941,119.769997,34.950001,18.49,1.365859,119.769997,5383,644721.89
1/31/2014,1782.589966,120.089996,34.799999,18.450001,1.355877,120.089996,9480,1138453.16
02-03-2014,1741.890015,121.32,34.52,18.610001,1.348818,121.32,3716,450825.12
02-04-2014,1755.199951,120.989998,34.740002,18.75,1.352503,120.989998,2071,250570.29
02-05-2014,1751.640015,121.290001,34.709999,19.07,1.351589,121.290001,4890,593108.1
02-06-2014,1773.430054,121.239998,34.900002,19.17,1.35351,121.239998,9117,1105345.06
02-07-2014,1797.02002,122.169998,35.639999,19.27,1.359213,122.169998,4801,586538.16
02-10-2014,1799.839966,122.919998,35.630001,19.290001,1.361934,122.919998,7317,899405.63
02-11-2014,1819.75,124.360001,35.639999,19.450001,1.36461,124.360001,2291,284908.76
02-12-2014,1819.26001,124.43,35.799999,19.43,1.363903,124.43,6155,765866.65
2/13/2014,1829.829956,125.489998,35.869999,19.74,1.35901,125.489998,3246,407340.53
2/14/2014,1838.630005,127.150002,35.91,20.65,1.367877,127.150002,4042,513940.31
2/18/2014,1840.76001,127.400002,36.66,21.129999,1.370445,127.400002,5107,650631.81
2/19/2014,1828.75,126.269997,36.900002,20.629999,1.376197,126.269997,2256,284865.11
2/20/2014,1839.780029,127.599998,36.880001,21.0,1.373042,127.599998,9504,1212710.38
2/21/2014,1836.25,127.580002,36.689999,20.969999,1.372119,127.580002,8771,1119004.2
2/24/2014,1847.609985,128.990005,36.790001,21.18,1.373796,128.990005,6541,843723.62
2/25/2014,1845.119995,129.210007,36.59,21.02,1.373608,129.210007,4268,551468.31
2/26/2014,1845.160034,128.110001,36.75,20.42,1.374608,128.110001,7979,1022189.7
2/27/2014,1854.290039,128.199997,36.689999,20.459999,1.368195,128.199997,7820,1002523.98
2/28/2014,1859.449951,127.620003,36.740002,20.35,1.370746,127.620003,2653,338575.87
03-03-2014,1845.72998,130.289993,37.52,20.620001,1.377695,130.289993,3182,414582.76
03-04-2014,1873.910034,128.679993,37.060001,20.370001,1.373702,128.679993,7163,921734.79
03-05-2014,1873.810059,128.889999,36.240002,20.360001,1.374117,128.889999,9923,1278975.46
03-06-2014,1877.030029,130.169998,36.57,20.66,1.373419,130.169998,2619,340915.22
03-07-2014,1878.040039,129.089996,36.779999,20.08,1.386309,129.089996,2267,292647.02
03-10-2014,1877.170044,129.130005,36.299999,20.01,1.387867,129.130005,1591,205445.84
03-11-2014,1867.630005,129.860001,35.810001,20.040001,1.387887,129.860001,2222,288548.92
03-12-2014,1868.199951,131.759995,35.349998,20.469999,1.385809,131.759995,5023,661830.45
3/13/2014,1846.339966,132.210007,35.34,20.360001,1.390453,132.210007,9678,1279528.45
3/14/2014,1841.130005,133.100006,35.529999,20.620001,1.386539,133.100006,7246,964442.64
3/17/2014,1858.829956,131.639999,35.150002,20.33,1.391304,131.639999,5200,684527.99
3/18/2014,1872.25,130.619995,35.580002,20.01,1.392661,130.619995,7926,1035294.08
3/19/2014,1860.77002,128.089996,35.709999,19.790001,1.393088,128.089996,4800,614831.98
3/20/2014,1872.01001,127.860001,35.580002,19.52,1.381922,127.860001,4984,637254.24
3/21/2014,1866.52002,128.470001,35.84,19.52,1.378208,128.470001,9605,1233954.36
3/24/2014,1857.439941,126.18,35.82,19.209999,1.379558,126.18,3471,437970.78
3/25/2014,1865.619995,126.410004,35.77,19.219999,1.383892,126.410004,6030,762252.32
3/26/2014,1852.560059,125.410004,36.09,19.02,1.381903,125.410004,3133,392909.54
3/27/2014,1849.040039,124.589996,36.5,19.0,1.378208,124.589996,1014,126334.26
3/28/2014,1857.619995,124.559998,36.619999,19.059999,1.374136,124.559998,2514,313143.83
3/31/2014,1872.339966,123.610001,36.59,19.040001,1.377505,123.610001,6230,770090.31
04-01-2014,1885.52002,123.389999,35.830002,19.059999,1.379482,123.389999,5776,712700.63
04-02-2014,1890.900024,124.32,35.799999,19.190001,1.376823,124.32,2985,371095.2
04-03-2014,1888.77002,123.919998,36.139999,19.059999,1.372382,123.919998,9530,1180957.58
04-07-2014,1845.040039,124.910004,36.279999,19.129999,1.374306,124.910004,1893,236454.64
04-08-2014,1851.959961,126.089996,36.900002,19.23,1.379329,126.089996,9546,1203655.1
04-09-2014,1872.180054,126.32,37.220001,19.110001,1.385502,126.32,9805,1238567.6
04-10-2014,1833.079956,127.010002,37.200001,19.27,1.388638,127.010002,3968,503975.69
4/14/2014,1830.609985,127.849998,37.380001,19.209999,1.381712,127.849998,8702,1112550.68
4/15/2014,1842.97998,125.489998,37.389999,18.879999,1.381196,125.489998,7645,959371.03
4/16/2014,1862.310059,125.540001,37.48,18.879999,1.382705,125.540001,4428,555891.12
4/17/2014,1864.849976,124.75,37.66,18.879999,1.381216,124.75,1248,155688.0
4/21/2014,1871.890015,124.239998,37.639999,18.67,1.379501,124.239998,3743,465030.31
4/22/2014,1879.550049,123.779999,37.0,18.709999,1.381006,123.779999,5317,658138.25
4/23/2014,1875.390015,123.760002,36.91,18.690001,1.381922,123.760002,6806,842310.57
4/24/2014,1878.609985,124.559998,37.049999,18.92,1.383202,124.559998,5488,683585.27
4/28/2014,1869.430054,124.879997,36.709999,18.85,1.385291,124.879997,7085,884774.78
4/29/2014,1878.329956,124.860001,36.720001,18.76,1.381368,124.860001,9478,1183423.09
4/30/2014,1883.949951,124.220001,36.32,18.459999,1.386924,124.220001,3843,477377.46
05-01-2014,1883.680054,123.800003,36.16,18.35,1.387097,123.800003,6582,814851.62
05-05-2014,1884.660034,126.220001,36.139999,18.84,1.387598,126.220001,1320,166610.4
05-06-2014,1867.719971,125.980003,36.189999,18.799999,1.393068,125.980003,7257,914236.88
05-07-2014,1878.209961,124.169998,36.599998,18.57,1.391169,124.169998,7398,918609.65
05-08-2014,1875.630005,124.169998,36.490002,18.440001,1.384428,124.169998,4918,610668.05
05-12-2014,1896.650024,124.940002,36.59,18.780001,1.375667,124.940002,5115,639068.11
5/13/2014,1897.449951,124.599998,37.040001,18.77,1.370952,124.599998,9448,1177220.78
5/14/2014,1888.530029,125.809998,37.18,19.0,1.372006,125.809998,2760,347235.59
5/15/2014,1870.849976,124.769997,37.040001,18.74,1.371648,124.769997,5704,711688.06
5/19/2014,1885.079956,124.580002,37.380001,18.629999,1.371385,124.580002,4856,604960.49
5/20/2014,1872.829956,124.690002,37.52,18.65,1.370407,124.690002,1220,152121.8
5/21/2014,1888.030029,124.389999,37.98,18.639999,1.368176,124.389999,1323,164567.97
5/22/2014,1892.48999,124.669998,38.009998,18.73,1.365449,124.669998,1837,229018.79
5/27/2014,1911.910034,121.849998,38.139999,18.360001,1.363698,121.849998,5197,633254.44
5/28/2014,1909.780029,121.199997,37.68,18.280001,1.359342,121.199997,8802,1066802.37
5/29/2014,1920.030029,120.940002,37.91,18.299999,1.360452,120.940002,8443,1021096.44
06-02-2014,1924.969971,119.699997,37.529999,18.02,1.359897,119.699997,8153,975914.08
06-03-2014,1924.23999,120.010002,37.639999,18.1,1.362101,120.010002,1921,230539.21
06-04-2014,1927.880005,119.760002,37.509998,18.059999,1.360415,119.760002,4889,585506.65
06-05-2014,1940.459961,120.660004,37.549999,18.26,1.366195,120.660004,5638,680281.1
06-09-2014,1951.27002,120.650002,38.18,18.32,1.359268,120.650002,8086,975575.92
06-10-2014,1950.790039,121.389999,38.279999,18.459999,1.354096,121.389999,4034,489687.26
06-11-2014,1943.890015,121.410004,38.25,18.459999,1.353711,121.410004,8675,1053231.78
06-12-2014,1930.109985,122.639999,39.080002,18.76,1.355454,122.639999,8335,1022204.39
6/16/2014,1937.780029,122.419998,39.169998,18.85,1.357718,122.419998,5561,680777.61
6/17/2014,1941.98999,122.279999,38.990002,18.940001,1.354793,122.279999,7467,913064.75
6/18/2014,1956.97998,122.669998,39.009998,19.049999,1.359065,122.669998,3148,386165.15
6/19/2014,1959.47998,126.940002,39.130001,19.92,1.361137,126.940002,3508,445305.53
6/23/2014,1962.609985,126.849998,39.16,20.049999,1.360193,126.849998,8634,1095222.88
6/24/2014,1949.97998,126.980003,39.09,20.08,1.360581,126.980003,2507,318338.87
6/25/2014,1959.530029,126.989998,39.290001,20.190001,1.362899,126.989998,5943,754701.56
6/26/2014,1957.219971,126.730003,38.970001,20.24,1.361304,126.730003,3096,392356.09
6/30/2014,1960.22998,128.039993,38.880001,20.25,1.369357,128.039993,8918,1141860.66
07-01-2014,1973.319946,127.699997,38.860001,20.209999,1.368083,127.699997,3747,478491.89
07-02-2014,1974.619995,127.699997,38.400002,20.299999,1.3653,127.699997,9774,1248139.77
07-03-2014,1985.439941,127.160004,38.25,20.290001,1.361007,127.160004,3317,421789.73
07-07-2014,1977.650024,127.019997,38.169998,20.17,1.360618,127.019997,2489,316152.77
07-08-2014,1963.709961,127.07,38.18,20.209999,1.361711,127.07,3549,450971.43
07-09-2014,1972.829956,127.839996,37.689999,20.27,1.364294,127.839996,7029,898587.33
07-10-2014,1964.680054,128.539993,37.900002,20.52,1.360507,128.539993,1360,174814.39
7/14/2014,1977.099976,125.720001,37.32,20.1,1.362175,125.720001,6715,844209.81
7/15/2014,1973.280029,124.529999,36.880001,19.879999,1.357202,124.529999,1640,204229.2
7/16/2014,1981.569946,124.970001,37.310001,19.91,1.352997,124.970001,8481,1059870.58
7/17/2014,1958.119995,127.089996,37.830002,20.290001,1.351881,127.089996,1126,143103.34
7/21/2014,1973.630005,126.339996,38.099998,20.1,1.352704,126.339996,7893,997201.59
7/22/2014,1983.530029,125.739998,37.950001,20.1,1.346801,125.739998,2624,329941.75
7/23/2014,1987.01001,125.620003,38.16,20.08,1.346294,125.620003,5544,696437.3
7/24/2014,1987.97998,124.349998,37.82,19.58,1.346475,124.349998,5604,696857.39
7/28/2014,1978.910034,125.580002,37.639999,19.809999,1.343905,125.580002,9507,1193889.08
7/29/2014,1969.949951,125.199997,37.389999,19.780001,1.341112,125.199997,7478,936245.58
7/30/2014,1970.069946,124.830002,36.919998,19.780001,1.339603,124.830002,1624,202723.92
7/31/2014,1930.670044,123.389999,36.32,19.58,1.338993,123.389999,5838,720350.81
08-04-2014,1938.98999,123.989998,36.48,19.4,1.34221,123.989998,3809,472277.9
08-05-2014,1920.209961,123.870003,36.16,19.049999,1.337238,123.870003,5303,656882.63
08-06-2014,1920.23999,125.669998,35.950001,19.23,1.338294,125.669998,7411,931340.36
08-07-2014,1909.569946,126.18,36.16,19.17,1.335827,126.18,2081,262580.58
08-11-2014,1936.920044,125.959999,36.220001,19.23,1.338491,125.959999,5908,744171.67
08-12-2014,1933.75,125.989998,35.990002,19.17,1.336612,125.989998,8029,1011573.69
8/13/2014,1946.719971,126.199997,36.02,19.040001,1.336791,126.199997,2969,374687.79
8/14/2014,1955.180054,126.309998,35.110001,19.1,1.336398,126.309998,6331,799668.6
8/18/2014,1971.73999,124.959999,35.060001,18.870001,1.336112,124.959999,4872,608805.12
8/19/2014,1981.599976,124.68,34.709999,18.700001,1.332197,124.68,5611,699579.48
8/20/2014,1986.51001,124.220001,34.860001,18.719999,1.326049,124.220001,6454,801715.89
8/21/2014,1992.369995,122.879997,35.09,18.690001,1.327933,122.879997,3313,407101.43
8/25/2014,1997.920044,122.739998,34.869999,18.6,1.318896,122.739998,1363,167294.62
8/26/2014,2000.02002,123.349998,35.040001,18.629999,1.31702,123.349998,5097,628714.94
8/27/2014,2000.119995,123.32,35.029999,18.66,1.319087,123.32,8699,1072760.68
8/28/2014,1996.73999,124.0,35.32,18.74,1.318496,124.0,1954,242296.0
09-02-2014,2002.280029,121.650002,34.790001,18.41,1.313198,121.650002,7549,918335.87
09-03-2014,2000.719971,122.150002,35.549999,18.43,1.315097,122.150002,1727,210953.05
09-04-2014,1997.650024,121.480003,35.299999,18.32,1.293276,121.480003,7154,869067.94
09-08-2014,2001.540039,120.730003,34.700001,18.26,1.289108,120.730003,7733,933605.11
09-09-2014,1988.439941,120.870003,34.619999,18.309999,1.294197,120.870003,4320,522158.41
09-10-2014,1995.689941,120.260002,34.259998,18.24,1.291706,120.260002,4191,504009.67
09-11-2014,1997.449951,119.470001,34.689999,17.959999,1.292357,119.470001,1985,237147.95
9/15/2014,1984.130005,118.639999,34.560001,17.92,1.293979,118.639999,7933,941171.11
9/16/2014,1998.97998,118.830002,35.25,17.950001,1.295908,118.830002,6748,801864.85
9/17/2014,2001.569946,117.540001,35.009998,17.77,1.285,117.540001,2829,332520.66
9/18/2014,2011.359985,117.779999,34.619999,17.77,1.292006,117.779999,8552,1007254.55
9/22/2014,1994.290039,116.849998,34.189999,17.08,1.285149,116.849998,5603,654710.54
9/23/2014,1982.77002,117.599998,34.439999,17.07,1.285397,117.599998,8714,1024766.38
9/24/2014,1998.300049,117.050003,35.0,16.99,1.277808,117.050003,4837,566170.86
9/25/2014,1965.98999,117.389999,34.830002,16.83,1.275705,117.389999,5455,640362.44
9/29/2014,1977.800049,117.029999,35.52,16.780001,1.269084,117.029999,4995,584564.85
9/30/2014,1972.290039,116.209999,34.41,16.35,1.262834,116.209999,7253,842871.12
10-01-2014,1946.160034,116.769997,34.150002,16.48,1.262419,116.769997,1081,126228.37
10-02-2014,1946.170044,116.739998,34.369999,16.41,1.267058,116.739998,7442,868779.07
10-06-2014,1964.819946,116.029999,34.040001,16.6,1.264606,116.029999,8605,998438.14
10-07-2014,1935.099976,116.360001,33.439999,16.48,1.266801,116.360001,8552,995110.73
10-08-2014,1968.890015,117.470001,33.0,16.68,1.274307,117.470001,8534,1002488.99
10-09-2014,1928.209961,117.639999,32.110001,16.620001,1.268907,117.639999,9768,1149107.51
10/13/2014,1874.73999,118.519997,31.99,16.73,1.272394,118.519997,5002,592837.02
10/14/2014,1877.699951,118.589996,30.85,16.68,1.263903,118.589996,6712,795976.05
10/15/2014,1862.48999,118.989998,30.67,16.709999,1.282166,118.989998,2142,254876.58
10/16/2014,1862.76001,119.220001,31.1,16.67,1.280442,119.220001,7451,888308.23
10/20/2014,1904.01001,119.800003,31.139999,16.73,1.279525,119.800003,2366,283446.81
10/21/2014,1941.280029,120.019997,31.299999,16.809999,1.271472,120.019997,5505,660710.08
10/22/2014,1927.109985,119.339996,30.549999,16.459999,1.264143,119.339996,4283,511133.2
10/23/2014,1950.819946,118.519997,31.059999,16.5,1.265406,118.519997,8281,981464.1
10/27/2014,1961.630005,118.059998,30.639999,16.42,1.267668,118.059998,1081,127622.86
10/28/2014,1985.050049,118.099998,30.82,16.49,1.270148,118.099998,4110,485390.99
10/29/2014,1982.300049,116.410004,31.23,16.379999,1.273837,116.410004,6924,806022.87
10/30/2014,1994.650024,115.190002,30.76,15.82,1.26328,115.190002,9501,1094420.21
10/31/2014,2018.050049,112.660004,30.629999,15.5,1.261336,112.660004,7450,839317.03
11-03-2014,2017.810059,112.150002,29.76,15.48,1.250313,112.150002,1800,201870.0
11-04-2014,2012.099976,112.220001,29.299999,15.36,1.249594,112.220001,9114,1022773.09
11-05-2014,2023.569946,109.790001,29.950001,14.66,1.255256,109.790001,8323,913782.18
11-06-2014,2031.209961,109.879997,29.6,14.82,1.248003,109.879997,4044,444354.71
11-07-2014,2031.920044,112.970001,29.76,15.1,1.238007,112.970001,2918,329646.46
11-10-2014,2038.26001,110.459999,29.34,14.92,1.246137,110.459999,5942,656353.31
11-11-2014,2039.680054,112.040001,29.42,15.11,1.242993,112.040001,1004,112488.16
11-12-2014,2038.25,111.5,29.139999,15.03,1.247583,111.5,3668,408982.0
11/13/2014,2039.329956,111.669998,28.290001,14.97,1.242993,111.669998,4128,460973.75
11/14/2014,2039.819946,114.470001,28.83,15.63,1.247598,114.470001,6115,699984.06
11/17/2014,2041.319946,114.050003,28.68,15.5,1.251846,114.050003,9827,1120769.38
11/18/2014,2051.800049,115.050003,28.200001,15.55,1.244896,115.050003,2380,273819.01
11/19/2014,2048.719971,113.68,28.25,15.48,1.253337,113.68,9827,1117133.36
11/20/2014,2052.75,114.860001,28.73,15.6,1.254076,114.860001,1406,161493.16
11/21/2014,2063.5,115.389999,29.1,15.79,1.254501,115.389999,6212,716802.67
11/24/2014,2069.409912,115.110001,28.74,15.78,1.237501,115.110001,5336,614226.97
11/25/2014,2067.030029,115.379997,28.030001,15.98,1.243317,115.379997,3046,351447.47
11/26/2014,2072.830078,115.160004,27.9,15.87,1.248065,115.160004,2316,266710.57
11/28/2014,2067.560059,112.110001,25.58,14.83,1.246199,112.110001,3265,366039.15
12-01-2014,2053.439941,116.580002,26.32,15.78,1.243828,116.580002,4347,506773.27
12-02-2014,2066.550049,115.139999,25.58,15.75,1.247007,115.139999,8992,1035338.87
12-03-2014,2074.330078,116.330002,25.58,15.73,1.23885,116.330002,4245,493820.86
12-04-2014,2071.919922,115.879997,25.34,15.77,1.231664,115.879997,9501,1100975.85
12-05-2014,2075.370117,114.43,24.959999,15.61,1.238666,114.43,2856,326812.08
12-08-2014,2060.310059,115.779999,23.91,15.71,1.229407,115.779999,3116,360770.48
12-09-2014,2059.820068,118.190002,24.200001,16.32,1.231512,118.190002,1199,141709.81
12-10-2014,2026.140015,117.959999,23.280001,16.370001,1.239495,117.959999,4576,539784.96
12-11-2014,2035.329956,117.690002,22.68,16.33,1.247396,117.690002,7457,877614.34
12-12-2014,2002.329956,117.410004,21.93,16.299999,1.239495,117.410004,6559,770092.22
12/15/2014,1989.630005,114.389999,21.059999,15.47,1.246354,114.389999,2179,249255.81
12/16/2014,1972.73999,114.949997,21.299999,15.08,1.244354,114.949997,7648,879137.58
12/17/2014,2012.890015,114.269997,21.34,15.1,1.251204,114.269997,8387,958382.46
12/18/2014,2061.22998,115.150002,20.74,15.25,1.233898,115.150002,1262,145319.3
12/19/2014,2070.649902,114.769997,21.959999,15.39,1.229045,114.769997,1441,165383.57
12/22/2014,2078.540039,112.550003,20.92,14.99,1.222599,112.550003,7935,893084.27
12/23/2014,2082.169922,112.739998,21.559999,15.04,1.222374,112.739998,5390,607668.59
12/24/2014,2081.879883,112.769997,21.049999,15.09,1.217493,112.769997,1684,189904.67
12/26/2014,2088.77002,114.830002,20.780001,15.35,1.221001,114.830002,2743,314978.7
12/29/2014,2090.570068,113.669998,20.299999,15.11,1.216945,113.669998,5848,664742.15
12/30/2014,2080.350098,115.199997,20.290001,15.58,1.215347,115.199997,4448,512409.59
12/31/2014,2058.899902,113.580002,20.360001,15.06,1.216205,113.580002,1993,226364.94
01-02-2015,2058.199951,114.080002,19.889999,15.11,1.208941,114.080002,6447,735473.77
01-05-2015,2020.579956,115.800003,18.790001,15.5,1.194643,115.800003,1129,130738.2
01-06-2015,2002.609985,117.120003,18.049999,15.83,1.193902,117.120003,1737,203437.45
01-07-2015,2025.900024,116.43,18.370001,15.85,1.187536,116.43,3281,382006.83
01-08-2015,2062.139893,115.940002,18.549999,15.64,1.1836,115.940002,9074,1052039.58
01-09-2015,2044.810059,117.260002,18.280001,15.77,1.179607,117.260002,5367,629334.43
01-12-2015,2028.26001,118.559998,17.41,15.87,1.18707,118.559998,4834,573119.03
1/13/2015,2023.030029,118.160004,17.620001,16.290001,1.183152,118.160004,2520,297763.21
1/14/2015,2011.27002,117.970001,18.27,16.129999,1.177829,117.970001,1931,227800.07
1/15/2015,1992.670044,120.940002,17.450001,16.15,1.178592,120.940002,2222,268728.68
1/16/2015,2019.420044,122.519997,18.33,16.950001,1.163738,122.519997,9282,1137230.61
1/20/2015,2022.550049,124.199997,17.48,17.18,1.159797,124.199997,6821,847168.18
1/21/2015,2032.119995,124.230003,17.77,17.370001,1.154694,124.230003,1927,239391.22
1/22/2015,2063.149902,125.230003,17.41,17.610001,1.161535,125.230003,4153,520080.2
1/23/2015,2051.820068,124.230003,17.0,17.51,1.134675,124.230003,8204,1019182.94
1/26/2015,2057.090088,122.989998,16.870001,17.129999,1.112545,122.989998,2613,321372.86
1/27/2015,2029.550049,124.400002,17.209999,17.33,1.124771,124.400002,5433,675865.21
1/28/2015,2002.160034,123.419998,16.559999,17.23,1.136738,123.419998,5083,627343.85
1/29/2015,2021.25,120.760002,16.68,16.24,1.128146,120.760002,9147,1104591.74
1/30/2015,1994.98999,123.449997,17.82,16.540001,1.133556,123.449997,1446,178508.7
02-02-2015,2020.849976,122.419998,18.620001,16.469999,1.130902,122.419998,3671,449403.81
02-03-2015,2050.030029,121.050003,19.620001,16.549999,1.134173,121.050003,3944,477421.21
02-04-2015,2041.51001,121.580002,18.280001,16.629999,1.145738,121.580002,9160,1113672.82
02-05-2015,2062.52002,121.790001,19.030001,16.58,1.131875,121.790001,6655,810512.46
02-06-2015,2055.469971,118.639999,19.469999,16.030001,1.147197,118.639999,6870,815056.79
02-09-2015,2046.73999,119.169998,19.77,16.32,1.131439,119.169998,7838,934054.44
02-10-2015,2068.590088,118.470001,18.940001,16.190001,1.132695,118.470001,6333,750270.52
02-11-2015,2068.530029,117.07,18.51,16.08,1.132195,117.07,6437,753579.59
02-12-2015,2088.47998,117.339996,19.18,16.15,1.131196,117.339996,8091,949397.91
2/13/2015,2096.98999,117.980003,19.620001,16.540001,1.140394,117.980003,7405,873641.92
2/17/2015,2100.340088,116.010002,19.790001,15.83,1.133401,116.010002,2585,299885.86
2/18/2015,2099.679932,116.339996,19.26,15.75,1.140472,116.339996,6193,720493.6
2/19/2015,2097.449951,115.940002,19.1,15.7,1.140004,115.940002,7067,819347.99
2/20/2015,2110.300049,115.279999,18.65,15.54,1.136674,115.279999,6638,765228.63
2/23/2015,2109.659912,115.43,18.110001,15.63,1.138148,115.43,6951,802353.93
2/24/2015,2115.47998,115.260002,18.040001,15.56,1.133299,115.260002,6861,790798.87
2/25/2015,2113.860107,115.699997,18.65,15.83,1.133903,115.699997,4769,551773.29
2/26/2015,2110.73999,116.07,18.030001,15.84,1.136364,116.07,5799,673089.93
2/27/2015,2104.5,116.160004,18.1,15.87,1.120536,116.160004,6198,719959.7
03-02-2015,2117.389893,115.68,18.32,15.66,1.116196,115.68,5984,692229.12
03-03-2015,2107.780029,115.470001,18.49,15.58,1.117905,115.470001,9405,1085995.36
03-04-2015,2098.530029,115.110001,19.01,15.49,1.118218,115.110001,6124,704933.65
03-05-2015,2101.040039,115.0,18.709999,15.53,1.108205,115.0,7692,884580.0
03-06-2015,2071.26001,111.860001,18.24,15.19,1.103205,111.860001,2191,245085.26
03-09-2015,2079.429932,111.970001,18.35,15.1,1.084599,111.970001,2477,277349.69
03-10-2015,2044.160034,111.419998,17.91,15.02,1.083341,111.419998,8417,937822.12
03-11-2015,2040.23999,110.75,17.77,14.84,1.07087,110.75,1063,117727.25
03-12-2015,2065.949951,110.720001,17.440001,14.92,1.054875,110.720001,6743,746584.97
3/13/2015,2053.399902,110.879997,16.799999,14.9,1.062631,110.879997,6256,693665.26
3/16/2015,2081.189941,110.809998,16.35,14.99,1.048163,110.809998,7677,850688.35
3/17/2015,2074.280029,110.209999,15.96,14.9,1.057295,110.209999,9574,1055150.53
3/18/2015,2099.5,112.370003,16.76,15.36,1.059805,112.370003,9941,1117070.2
3/19/2015,2089.27002,112.290001,16.08,15.44,1.084999,112.290001,6742,757059.19
3/20/2015,2108.100098,113.57,16.43,16.0,1.066894,113.57,4014,455869.98
3/23/2015,2104.419922,114.290001,16.780001,16.299999,1.082661,114.290001,8247,942549.64
3/24/2015,2091.5,114.57,16.790001,16.280001,1.094499,114.57,9934,1138138.38
3/25/2015,2061.050049,114.730003,17.360001,16.24,1.090203,114.730003,4972,570437.57
3/26/2015,2056.149902,115.480003,18.209999,16.299999,1.096047,115.480003,7905,912869.42
3/27/2015,2061.02002,115.059998,17.139999,16.219999,1.088637,115.059998,5330,613269.79
3/30/2015,2086.23999,113.75,17.23,15.98,1.083025,113.75,5293,602078.75
3/31/2015,2067.889893,113.660004,16.84,15.93,1.073814,113.660004,1998,227092.69
04-01-2015,2059.689941,115.599998,17.58,16.23,1.076994,115.599998,2621,302987.59
04-02-2015,2066.959961,115.279999,17.559999,16.02,1.087075,115.279999,1750,201740.0
04-06-2015,2080.620117,116.690002,18.43,16.27,1.093482,116.690002,2002,233613.38
04-07-2015,2076.330078,116.110001,19.059999,16.15,1.082415,116.110001,7879,914830.7
04-08-2015,2081.899902,115.470001,18.07,15.81,1.078528,115.470001,6986,806673.43
04-09-2015,2091.179932,114.669998,18.030001,15.51,1.066906,114.669998,1682,192874.94
4/13/2015,2092.429932,115.139999,18.5,15.6,1.057295,115.139999,8068,928949.51
4/14/2015,2095.840088,114.440002,18.82,15.51,1.064713,114.440002,3755,429722.21
4/15/2015,2106.629883,115.43,19.709999,15.63,1.06768,115.43,8296,957607.28
4/16/2015,2104.98999,115.029999,19.940001,15.57,1.075558,115.029999,6884,791866.51
4/20/2015,2100.399902,114.720001,19.889999,15.29,1.074749,114.720001,5242,601362.25
4/21/2015,2097.290039,115.379997,19.450001,15.32,1.074172,115.379997,2476,285680.87
4/22/2015,2107.959961,113.830002,19.360001,15.11,1.072582,113.830002,6105,694932.16
4/23/2015,2112.929932,114.660004,19.76,15.21,1.081502,114.660004,9829,1126993.18
4/27/2015,2108.919922,115.330002,19.52,15.66,1.087796,115.330002,1355,156272.15
4/28/2015,2114.76001,116.330002,19.6,15.87,1.096912,116.330002,3842,446939.87
4/29/2015,2106.850098,115.510002,20.120001,15.81,1.111432,115.510002,7503,866671.55
4/30/2015,2085.51001,113.470001,20.51,15.43,1.121466,113.470001,1229,139454.63
05-04-2015,2114.48999,114.099998,20.280001,15.7,1.114914,114.099998,9922,1132100.18
05-05-2015,2089.459961,114.419998,20.76,15.81,1.118631,114.419998,4096,468664.31
05-06-2015,2080.149902,114.360001,20.82,15.77,1.134147,114.360001,8407,961424.53
05-07-2015,2088.0,113.419998,20.200001,15.6,1.124695,113.419998,7245,821727.89
05-11-2015,2105.330078,113.529999,20.379999,15.57,1.114442,113.529999,6602,749525.05
05-12-2015,2099.120117,114.5,20.74,15.81,1.122146,114.5,2786,318997.0
5/13/2015,2098.47998,116.550003,20.610001,16.35,1.135048,116.550003,2822,328904.11
5/14/2015,2121.100098,117.18,20.530001,16.65,1.140498,117.18,1288,150927.84
5/18/2015,2129.199951,117.519997,20.440001,16.889999,1.132618,117.519997,7773,913482.94
5/19/2015,2127.830078,115.889999,19.629999,16.379999,1.114666,115.889999,5253,608770.16
5/20/2015,2125.850098,116.080002,19.84,16.370001,1.110075,116.080002,8663,1005601.06
5/21/2015,2130.820068,115.690002,20.5,16.389999,1.111185,115.690002,2845,329138.06
5/26/2015,2104.199951,113.910004,19.690001,16.02,1.088886,113.910004,4919,560323.31
5/27/2015,2123.47998,113.889999,19.48,15.96,1.090001,113.889999,3746,426631.94
5/28/2015,2120.790039,114.019997,19.559999,15.97,1.096035,114.019997,2775,316405.49
06-01-2015,2111.72998,114.0,20.360001,16.0,1.092299,114.0,4643,529302.0
06-02-2015,2109.600098,114.459999,20.68,16.07,1.115001,114.459999,6290,719953.39
06-03-2015,2114.070068,113.639999,20.17,15.83,1.125784,113.639999,8340,947757.59
06-04-2015,2095.840088,112.839996,19.66,15.48,1.120787,112.839996,6372,719016.45
06-08-2015,2079.280029,112.57,19.709999,15.32,1.128095,112.57,6139,691067.23
06-09-2015,2080.149902,112.82,20.209999,15.29,1.129905,112.82,3270,368921.4
06-10-2015,2105.199951,113.779999,20.639999,15.32,1.131196,113.779999,1772,201618.16
06-11-2015,2108.860107,113.260002,20.49,15.33,1.124063,113.260002,1337,151428.62
6/15/2015,2084.429932,113.730003,20.15,15.4,1.127701,113.730003,1875,213243.76
6/16/2015,2096.290039,113.32,20.26,15.32,1.124202,113.32,9871,1118581.72
6/17/2015,2100.439941,113.849998,20.209999,15.45,1.136997,113.849998,7062,804008.69
6/18/2015,2121.23999,115.32,20.360001,15.46,1.137074,115.32,8696,1002822.72
6/22/2015,2122.850098,113.639999,20.16,15.49,1.134906,113.639999,4979,565813.56
6/23/2015,2124.199951,112.889999,20.469999,15.14,1.117219,112.889999,7362,831096.17
6/24/2015,2108.580078,112.589996,20.200001,15.19,1.120699,112.589996,9667,1088407.49
6/25/2015,2102.310059,112.440002,19.98,15.17,1.120298,112.440002,6481,728723.65
6/29/2015,2057.639893,113.07,19.51,15.03,1.122297,113.07,1208,136588.56
6/30/2015,2063.110107,112.370003,19.879999,15.03,1.113499,112.370003,3268,367225.17
07-01-2015,2077.419922,111.980003,19.1,14.9,1.103363,111.980003,7227,809279.48
07-02-2015,2076.780029,111.760002,18.93,14.95,1.108697,111.760002,6115,683412.41
07-06-2015,2068.76001,112.059998,17.73,14.99,1.104899,112.059998,5146,576660.75
07-07-2015,2081.340088,110.760002,17.76,14.43,1.100994,110.760002,5791,641411.17
07-08-2015,2046.680054,111.089996,17.379999,14.46,1.107101,111.089996,5514,612550.24
07-09-2015,2051.310059,111.360001,17.709999,14.76,1.106305,111.360001,2911,324168.96
7/13/2015,2099.600098,110.989998,17.51,14.81,1.099046,110.989998,6986,775376.13
7/14/2015,2108.949951,110.739998,17.719999,14.7,1.1008,110.739998,1868,206862.32
7/15/2015,2107.399902,110.160004,17.23,14.43,1.094355,110.160004,5184,571069.46
7/16/2015,2124.290039,109.760002,17.049999,14.35,1.088601,109.760002,1709,187579.84
7/20/2015,2128.280029,105.699997,16.690001,14.05,1.083541,105.699997,4992,527654.39
7/21/2015,2119.209961,105.370003,16.91,14.14,1.093996,105.370003,6549,690068.15
7/22/2015,2114.149902,104.800003,16.34,14.14,1.092705,104.800003,8956,938588.83
7/23/2015,2102.149902,104.330002,16.139999,14.0,1.098901,104.330002,9784,1020764.74
7/27/2015,2067.639893,104.860001,15.65,13.92,1.109004,104.860001,2970,311434.2
7/28/2015,2093.25,105.019997,15.85,14.02,1.106599,105.019997,1550,162781.0
7/29/2015,2108.570068,105.169998,16.24,14.15,1.098406,105.169998,3475,365465.74
7/30/2015,2108.629883,104.269997,16.1,14.09,1.093924,104.269997,5928,618112.54
08-03-2015,2098.040039,104.099998,15.1,13.87,1.095602,104.099998,9030,940022.98
08-04-2015,2093.320068,104.309998,15.22,13.92,1.088898,104.309998,4366,455417.45
08-05-2015,2099.840088,103.93,15.03,13.95,1.09031,103.93,1300,135109.0
08-06-2015,2083.560059,104.389999,14.87,13.99,1.092705,104.389999,5667,591578.12
08-10-2015,2104.179932,105.720001,14.89,14.54,1.101698,105.720001,1399,147902.28
08-11-2015,2084.070068,106.260002,14.48,14.64,1.104204,106.260002,4004,425465.05
08-12-2015,2086.050049,107.75,14.44,14.82,1.116096,107.75,7669,826334.75
8/13/2015,2083.389893,106.860001,14.09,14.71,1.116096,106.860001,4047,432462.42
8/17/2015,2102.439941,107.129997,13.89,14.63,1.1078,107.129997,3649,390917.36
8/18/2015,2096.919922,107.110001,14.05,14.21,1.103083,107.110001,2428,260063.08
8/19/2015,2079.610107,108.550003,13.43,14.57,1.111803,108.550003,7829,849837.97
8/20/2015,2035.72998,110.440002,13.37,14.78,1.123697,110.440002,2890,319171.61
8/24/2015,1893.209961,110.529999,12.5,14.13,1.158306,110.529999,4051,447757.03
8/25/2015,1867.609985,109.160004,12.73,13.99,1.155095,109.160004,5817,634983.74
8/26/2015,1940.51001,107.669998,12.77,13.56,1.134005,107.669998,3705,398917.34
8/27/2015,1987.660034,107.730003,13.95,13.8,1.124796,107.730003,8887,957396.54
8/31/2015,1972.180054,108.82,15.89,13.99,1.122586,108.82,2368,257685.76
09-01-2015,1913.849976,109.199997,14.81,13.94,1.129344,109.199997,3793,414195.59
09-02-2015,1948.859985,108.620003,15.09,14.02,1.121604,108.620003,6976,757733.14
09-03-2015,1951.130005,107.839996,15.34,14.02,1.112595,107.839996,5200,560767.98
09-08-2015,1969.410034,107.519997,15.02,14.12,1.120737,107.519997,9474,1018644.45
09-09-2015,1942.040039,106.129997,14.52,13.93,1.12207,106.129997,4173,442880.48
09-10-2015,1952.290039,106.379997,14.93,13.99,1.129089,106.379997,5156,548495.26
9/14/2015,1953.030029,106.220001,14.39,13.79,1.130761,106.220001,8366,888636.53
9/15/2015,1978.089966,105.900002,14.57,13.77,1.12718,105.900002,9166,970679.42
9/16/2015,1995.310059,107.309998,15.36,14.22,1.129203,107.309998,9388,1007426.26
9/17/2015,1990.199951,108.410004,15.23,14.42,1.140095,108.410004,2308,250210.29
9/22/2015,1942.73999,107.790001,14.92,14.14,1.112075,107.790001,3358,361958.82
9/23/2015,1938.76001,108.220001,14.44,14.12,1.118994,108.220001,5424,586985.29
9/24/2015,1932.23999,110.489998,14.59,14.44,1.117893,110.489998,7125,787241.24
9/28/2015,1881.77002,108.419998,14.38,13.94,1.123103,108.419998,1755,190277.1
9/29/2015,1884.089966,107.980003,14.61,13.97,1.125594,107.980003,8793,949468.17
9/30/2015,1920.030029,106.860001,14.68,13.87,1.117206,106.860001,1913,204423.18
10-01-2015,1923.819946,106.730003,14.58,13.9,1.119344,106.730003,6840,730033.22
10-05-2015,1987.050049,108.769997,15.0,14.89,1.11952,108.769997,5561,604869.95
10-06-2015,1979.920044,109.860001,15.74,15.07,1.126799,109.860001,4347,477561.42
10-07-2015,1995.829956,109.699997,15.57,15.29,1.124,109.699997,9650,1058604.97
10-08-2015,2013.430054,109.139999,16.040001,14.99,1.128694,109.139999,5902,644144.27
10-12-2015,2017.459961,111.309998,15.31,15.13,1.135551,111.309998,1076,119769.56
10/13/2015,2003.689941,111.860001,15.06,15.16,1.138498,111.860001,7588,848793.69
10/14/2015,1994.23999,113.809998,15.05,15.42,1.147552,113.809998,2418,275192.58
10/15/2015,2023.859985,113.290001,15.13,15.39,1.136816,113.290001,5266,596585.15
10/19/2015,2033.660034,112.019997,14.83,15.11,1.132901,112.019997,4868,545313.35
10/20/2015,2030.77002,112.730003,14.73,15.19,1.135396,112.730003,6032,679987.38
10/21/2015,2018.939941,111.730003,14.43,14.99,1.134803,111.730003,5178,578537.96
10/22/2015,2052.51001,111.690002,14.51,15.11,1.108095,111.690002,2615,292069.36
10/26/2015,2071.179932,111.43,14.01,15.11,1.102038,111.43,1222,136167.46
10/27/2015,2065.889893,111.68,13.82,15.13,1.106599,111.68,2746,306673.28
10/28/2015,2090.350098,110.75,14.69,15.26,1.103704,110.75,8624,955108.0
10/29/2015,2089.409912,109.720001,14.63,14.88,1.092896,109.720001,5013,550026.37
10/30/2015,2079.360107,109.300003,14.81,14.8,1.099384,109.300003,5054,552402.22
11-02-2015,2104.050049,108.589996,14.75,14.72,1.102597,108.589996,3737,405800.82
11-03-2015,2109.790039,106.980003,15.28,14.58,1.101601,106.980003,5740,614065.22
11-04-2015,2102.310059,105.970001,14.85,14.38,1.096395,105.970001,9455,1001946.36
11-05-2015,2099.929932,105.639999,14.48,14.3,1.086803,105.639999,8271,873748.43
11-06-2015,2099.199951,104.099998,14.23,14.08,1.0884,104.099998,4294,447005.39
11-09-2015,2078.580078,104.400002,14.08,13.89,1.073341,104.400002,7175,749070.01
11-10-2015,2081.719971,104.18,14.09,13.76,1.075951,104.18,9215,960018.7
11-11-2015,2075.0,103.830002,13.76,13.64,1.073756,103.830002,9633,1000194.41
11-12-2015,2045.969971,103.849998,13.35,13.64,1.076299,103.849998,2989,310407.64
11/13/2015,2023.040039,103.559998,13.06,13.59,1.081502,103.559998,8032,831793.9
11/16/2015,2053.189941,103.709999,13.39,13.6,1.069999,103.709999,9343,968962.52
11/17/2015,2050.439941,102.339996,13.01,13.55,1.068799,102.339996,4696,480588.62
11/18/2015,2083.580078,102.43,13.05,13.52,1.064385,102.43,2957,302885.51
11/19/2015,2081.23999,103.559998,12.96,13.62,1.066997,103.559998,3710,384207.59
11/20/2015,2089.169922,103.089996,12.93,13.5,1.072616,103.089996,1278,131749.01
11/23/2015,2086.590088,102.260002,13.02,13.45,1.064101,102.260002,2840,290418.41
11/24/2015,2089.139893,102.940002,13.32,13.51,1.064203,102.940002,9225,949621.52
11/25/2015,2088.870117,102.459999,13.39,13.52,1.064385,102.459999,2681,274695.26
11/27/2015,2090.110107,101.25,13.03,13.46,1.060445,101.25,6269,634736.25
11/30/2015,2080.409912,101.919998,12.93,13.44,1.058302,101.919998,3008,306575.35
12-01-2015,2102.629883,102.279999,12.95,13.51,1.057295,102.279999,1052,107598.56
12-02-2015,2079.51001,100.690002,12.48,13.37,1.062586,100.690002,2068,208226.92
12-03-2015,2049.620117,101.760002,12.77,13.46,1.061301,101.760002,8326,847253.78
12-04-2015,2091.689941,104.019997,12.46,13.87,1.091596,104.019997,3562,370519.23
12-07-2015,2077.070068,102.669998,11.72,13.62,1.0884,102.669998,5794,594869.97
12-08-2015,2063.590088,102.839996,11.68,13.51,1.0834,102.839996,3278,337109.51
12-09-2015,2047.619995,102.639999,11.56,13.49,1.089396,102.639999,7384,757893.75
12-10-2015,2052.22998,102.550003,11.37,13.45,1.101795,102.550003,1871,191871.06
12-11-2015,2012.369995,103.110001,11.07,13.3,1.094811,103.110001,1444,148890.84
12/14/2015,2021.939941,101.790001,11.16,13.06,1.098394,101.790001,1204,122555.16
12/15/2015,2043.410034,101.519997,11.4,13.11,1.0993,101.519997,7968,808911.34
12/16/2015,2073.070068,102.75,10.99,13.49,1.093625,102.75,9619,988352.25
12/17/2015,2041.890015,100.5,10.74,13.08,1.087453,100.5,5252,527826.0
12/18/2015,2005.550049,102.040001,10.66,13.43,1.08441,102.040001,9598,979379.93
12/21/2015,2021.150024,103.150002,10.66,13.59,1.086992,103.150002,7722,796524.32
12/22/2015,2038.969971,102.610001,10.77,13.59,1.091298,102.610001,4929,505764.69
12/23/2015,2064.290039,102.309998,11.26,13.62,1.095002,102.309998,5566,569457.45
12/24/2015,2060.98999,103.050003,11.3,13.69,1.090917,103.050003,6912,712281.62
12/28/2015,2056.5,102.269997,10.93,13.29,1.096599,102.269997,7242,740639.32
12/29/2015,2078.360107,102.199997,11.26,13.27,1.097526,102.199997,1968,201129.59
12/30/2015,2063.360107,101.419998,10.93,13.21,1.092801,101.419998,5072,514402.23
12/31/2015,2043.939941,101.459999,11.0,13.19,1.093398,101.459999,4668,473615.28
01-04-2016,2012.660034,102.889999,10.98,13.19,1.085399,102.889999,1930,198577.7
01-05-2016,2016.709961,103.18,10.66,13.31,1.082755,103.18,8741,901896.38
01-06-2016,1990.26001,104.669998,10.11,13.36,1.075199,104.669998,2580,270048.59
01-07-2016,1943.089966,106.150002,9.9,13.62,1.0779,106.150002,7263,770967.46
01-08-2016,1922.030029,105.68,9.8,13.3,1.092598,105.68,9510,1005016.8
01-11-2016,1923.670044,104.739998,9.25,13.22,1.094104,104.739998,4154,435089.95
01-12-2016,1938.680054,104.209999,9.17,13.17,1.0858,104.209999,8785,915484.84
1/13/2016,1890.280029,104.720001,9.09,13.49,1.084399,104.720001,8788,920279.37
1/14/2016,1921.839966,103.019997,9.23,13.19,1.088601,103.019997,9024,929652.45
1/15/2016,1880.329956,104.080002,8.79,13.24,1.085894,104.080002,6449,671211.93
1/19/2016,1881.329956,103.980003,8.49,13.36,1.089503,103.980003,4994,519276.13
1/20/2016,1859.329956,105.370003,8.24,13.48,1.091298,105.370003,9769,1029359.56
1/21/2016,1868.98999,105.489998,8.56,13.46,1.087701,105.489998,2323,245053.27
1/22/2016,1906.900024,105.0,9.27,13.38,1.086201,105.0,6203,651315.0
1/25/2016,1877.079956,106.080002,8.54,13.58,1.079902,106.080002,5988,635207.05
1/26/2016,1903.630005,107.290001,8.97,13.82,1.085305,107.290001,3031,325195.99
1/27/2016,1882.949951,107.690002,9.18,13.81,1.086496,107.690002,1488,160242.72
1/28/2016,1893.359985,106.540001,9.7,13.57,1.090798,106.540001,4687,499352.98
1/29/2016,1940.23999,106.949997,9.65,13.59,1.093697,106.949997,6789,726083.53
02-01-2016,1939.380005,108.050003,9.02,13.67,1.082591,108.050003,2357,254673.86
02-02-2016,1903.030029,108.089996,8.57,13.62,1.089728,108.089996,1780,192400.19
02-03-2016,1912.530029,109.25,9.34,13.95,1.092204,109.25,1738,189876.5
02-04-2016,1915.449951,110.57,9.12,14.17,1.109102,110.57,5549,613552.93
02-05-2016,1880.050049,112.32,8.91,14.34,1.119996,112.32,3753,421536.96
02-08-2016,1853.439941,113.830002,8.64,14.59,1.114504,113.830002,5715,650538.46
02-09-2016,1852.209961,113.580002,8.18,14.51,1.118981,113.580002,2521,286335.19
02-10-2016,1851.859985,114.459999,7.96,14.55,1.128999,114.459999,7050,806942.99
02-11-2016,1829.079956,119.059998,7.99,14.95,1.128095,119.059998,1094,130251.64
02-12-2016,1864.780029,118.360001,8.33,14.99,1.131798,118.360001,4534,536644.24
2/16/2016,1895.579956,114.769997,8.31,14.51,1.117406,114.769997,7441,854003.55
2/17/2016,1926.819946,115.480003,8.78,14.54,1.114703,115.480003,4844,559385.13
2/18/2016,1917.829956,118.290001,8.66,14.76,1.112298,118.290001,9952,1177222.09
2/19/2016,1917.780029,117.580002,8.55,14.64,1.111099,117.580002,7843,922179.96
2/22/2016,1945.5,115.489998,8.91,14.43,1.112397,115.489998,8999,1039294.49
2/23/2016,1921.27002,117.220001,8.48,14.54,1.102803,117.220001,1125,131872.5
2/24/2016,1929.800049,117.610001,8.59,14.52,1.102706,117.610001,9102,1070486.23
2/25/2016,1951.699951,117.919998,8.8,14.41,1.101394,117.919998,8706,1026611.5
2/26/2016,1948.050049,117.110001,8.78,14.02,1.102499,117.110001,9403,1101185.34
2/29/2016,1932.22998,118.639999,9.0,14.2,1.092395,118.639999,7857,932154.47
03-01-2016,1978.349976,117.769997,9.15,14.17,1.088898,117.769997,1430,168411.1
03-02-2016,1986.449951,118.68,9.3,14.25,1.087595,118.68,7959,944574.12
03-03-2016,1993.400024,120.730003,9.25,14.5,1.086897,120.730003,4703,567793.2
03-04-2016,1999.98999,120.540001,9.65,14.76,1.094895,120.540001,4358,525313.32
03-07-2016,2001.76001,121.139999,10.11,14.9,1.099396,121.139999,8985,1088442.89
03-08-2016,1979.26001,120.580002,9.65,14.62,1.101601,120.580002,4303,518855.75
03-09-2016,1989.26001,119.580002,10.15,14.53,1.100401,119.580002,8730,1043933.42
03-10-2016,1989.569946,121.5,10.04,14.82,1.098901,121.5,2155,261832.5
03-11-2016,2022.189941,119.410004,10.19,14.72,1.117843,119.410004,6824,814853.87
3/14/2016,2019.640015,117.870003,9.88,14.58,1.116794,117.870003,9846,1160548.05
3/15/2016,2015.930054,117.959999,9.7,14.54,1.110198,117.959999,6088,718140.47
3/16/2016,2027.219971,120.589996,10.18,14.87,1.110901,120.589996,4011,483686.47
3/17/2016,2040.589966,120.129997,10.55,15.16,1.121894,120.129997,4009,481601.16
3/18/2016,2049.580078,119.800003,10.48,15.03,1.131798,119.800003,9675,1159065.03
3/21/2016,2051.600098,118.959999,10.59,15.06,1.127904,118.959999,9267,1102402.31
3/22/2016,2049.800049,119.309998,10.54,15.12,1.123595,119.309998,9329,1113042.97
3/23/2016,2036.709961,116.610001,10.11,14.51,1.122297,116.610001,3517,410117.37
3/24/2016,2035.939941,116.330002,10.06,14.43,1.118105,116.330002,5700,663081.01
3/28/2016,2037.050049,116.599998,10.01,14.46,1.120272,116.599998,2596,302693.59
3/29/2016,2055.01001,118.760002,9.8,14.6,1.129203,118.760002,2776,329677.77
3/30/2016,2063.949951,117.099998,9.73,14.49,1.133466,117.099998,5913,692412.29
3/31/2016,2059.73999,117.639999,9.7,14.68,1.137967,117.639999,2963,348567.32
04-04-2016,2066.129883,116.150002,9.08,14.2,1.1389,116.150002,3424,397697.61
04-05-2016,2045.170044,117.660004,9.13,14.42,1.1382,117.660004,2913,342743.59
04-06-2016,2066.659912,116.940002,9.6,14.34,1.140498,116.940002,1072,125359.68
04-07-2016,2041.910034,118.610001,9.51,14.48,1.137398,118.610001,4799,569209.39
04-11-2016,2041.98999,120.029999,10.28,15.14,1.141292,120.029999,4225,507126.75
04-12-2016,2061.719971,120.050003,10.64,15.41,1.138498,120.050003,7539,905056.97
4/13/2016,2082.419922,118.769997,10.51,15.44,1.127904,118.769997,5873,697536.19
4/14/2016,2082.780029,117.110001,10.48,15.34,1.127002,117.110001,2828,331187.08
4/18/2016,2094.340088,117.739998,10.17,15.42,1.130902,117.739998,7190,846550.59
4/19/2016,2100.800049,119.580002,10.44,16.120001,1.135963,119.580002,5559,664745.23
4/20/2016,2102.399902,118.970001,10.76,16.139999,1.130506,118.970001,3687,438642.39
4/21/2016,2091.47998,119.419998,10.72,16.209999,1.129203,119.419998,7398,883469.15
4/25/2016,2087.790039,118.230003,10.55,16.17,1.1269,118.230003,1525,180300.75
4/26/2016,2091.699951,118.699997,10.81,16.290001,1.129905,118.699997,6884,817130.78
4/27/2016,2095.149902,119.040001,11.14,16.379999,1.132901,119.040001,7058,840184.33
4/28/2016,2075.810059,121.290001,11.22,16.77,1.135589,121.290001,5384,653025.37
05-02-2016,2081.429932,123.239998,11.05,16.639999,1.152499,123.239998,6138,756447.11
05-03-2016,2063.370117,122.959999,10.74,16.57,1.150404,122.959999,8195,1007657.19
05-04-2016,2051.120117,122.209999,10.79,16.49,1.149306,122.209999,9140,1116999.39
05-05-2016,2050.629883,122.07,10.9,16.51,1.140602,122.07,9894,1207760.58
05-09-2016,2058.689941,120.650002,10.68,16.120001,1.138797,120.650002,4379,528326.36
05-10-2016,2084.389893,120.980003,10.99,16.280001,1.137436,120.980003,3139,379756.23
05-11-2016,2064.459961,122.120003,11.34,16.559999,1.1427,122.120003,1455,177684.6
05-12-2016,2064.110107,121.160004,11.45,16.219999,1.137695,121.160004,8620,1044399.23
5/16/2016,2066.659912,121.800003,11.76,16.32,1.131606,121.800003,7549,919468.22
5/17/2016,2047.209961,122.220001,11.92,16.41,1.131606,122.220001,1368,167196.96
5/18/2016,2047.630005,120.099998,11.7,16.0,1.122297,120.099998,9028,1084262.78
5/19/2016,2040.040039,119.870003,11.79,15.67,1.120599,119.870003,5988,717781.58
5/23/2016,2048.040039,119.370003,11.66,15.59,1.121604,119.370003,2148,256406.77
5/24/2016,2076.060059,117.300003,11.82,15.42,1.113797,117.300003,2852,334539.61
5/25/2016,2090.540039,116.980003,12.03,15.5,1.115897,116.980003,1905,222846.91
5/26/2016,2090.100098,116.580002,11.95,15.53,1.119207,116.580002,7675,894751.52
5/31/2016,2096.949951,116.059998,11.87,15.19,1.113598,116.059998,7097,823677.81
06-01-2016,2099.330078,115.940002,11.93,15.17,1.118906,115.940002,2275,263763.5
06-02-2016,2105.26001,115.669998,11.86,15.22,1.1152,115.669998,8645,999967.13
06-06-2016,2109.409912,118.919998,12.04,15.68,1.136402,118.919998,6311,750504.11
06-07-2016,2112.129883,118.82,12.22,15.6,1.135783,118.82,2082,247383.24
06-08-2016,2119.120117,120.580002,12.43,16.209999,1.140706,120.580002,9853,1188074.76
06-09-2016,2115.47998,121.25,12.25,16.469999,1.131503,121.25,6529,791641.25
6/13/2016,2079.060059,122.639999,11.76,16.58,1.129102,122.639999,7754,950950.55
6/14/2016,2075.320068,122.769997,11.73,16.540001,1.121302,122.769997,3513,431291.0
6/15/2016,2071.5,123.68,11.47,16.690001,1.126266,123.68,4914,607763.52
6/16/2016,2077.98999,122.379997,11.14,16.309999,1.125201,122.379997,5888,720573.42
6/20/2016,2083.25,123.209999,11.91,16.65,1.132298,123.209999,9130,1124907.29
6/21/2016,2088.899902,120.839996,11.89,16.379999,1.125062,120.839996,6196,748724.62
6/22/2016,2085.449951,120.900002,11.74,16.42,1.132824,120.900002,6088,736039.21
6/23/2016,2113.320068,120.110001,11.98,16.49,1.1324,120.110001,5757,691473.28
6/27/2016,2000.540039,126.68,11.19,16.870001,1.101503,126.68,7930,1004572.4
6/28/2016,2036.089966,125.32,11.47,16.91,1.107395,125.32,1842,230839.44
6/29/2016,2070.77002,125.839996,11.79,17.370001,1.112805,125.839996,7444,936752.93
6/30/2016,2098.860107,126.470001,11.57,17.860001,1.110605,126.470001,9468,1197417.97
07-05-2016,2088.550049,129.470001,11.18,18.98,1.106501,129.470001,1617,209352.99
07-06-2016,2099.72998,130.229996,11.33,19.1,1.109903,130.229996,1815,236367.44
07-07-2016,2097.899902,129.740005,10.82,18.709999,1.106574,129.740005,6071,787651.57
07-11-2016,2137.159912,129.289993,10.65,19.299999,1.105803,129.289993,5378,695321.58
07-12-2016,2152.139893,127.150002,11.19,19.09,1.106293,127.150002,9995,1270864.27
7/13/2016,2152.429932,128.320007,10.75,19.389999,1.109496,128.320007,7010,899523.25
7/14/2016,2163.75,127.330002,10.87,19.25,1.110605,127.330002,1067,135861.11
7/18/2016,2166.889893,127.040001,10.82,19.1,1.107187,127.040001,6698,850913.93
7/19/2016,2163.780029,127.209999,10.7,18.92,1.101358,127.209999,2304,293091.84
7/20/2016,2173.02002,125.389999,10.73,18.42,1.101953,125.389999,5789,725882.7
7/21/2016,2165.169922,127.300003,10.49,18.879999,1.10329,127.300003,6041,769019.32
7/25/2016,2168.47998,125.470001,10.13,18.540001,1.099118,125.470001,8749,1097737.04
7/26/2016,2169.179932,126.0,10.08,18.66,1.09878,126.0,4479,564354.0
7/27/2016,2166.580078,128.029999,9.9,19.370001,1.107346,128.029999,9459,1211035.76
7/28/2016,2170.060059,127.660004,9.67,19.209999,1.108438,127.660004,4161,531193.28
08-01-2016,2170.840088,129.220001,9.41,19.43,1.116807,129.220001,3668,473978.96
08-02-2016,2157.030029,130.270004,9.33,19.6,1.121906,130.270004,2349,306004.24
08-03-2016,2163.790039,129.649994,9.69,19.379999,1.11515,129.649994,2432,315308.79
08-04-2016,2164.25,129.869995,9.84,19.35,1.113474,129.869995,7165,930518.51
08-08-2016,2180.889893,127.440002,10.1,18.74,1.108365,127.440002,2556,325736.65
08-09-2016,2181.73999,127.959999,10.07,18.870001,1.11158,127.959999,8874,1135517.03
08-10-2016,2175.48999,128.559998,9.77,19.16,1.118643,128.559998,8097,1040950.3
08-11-2016,2185.790039,127.669998,10.21,18.959999,1.113908,127.669998,7455,951779.84
8/15/2016,2190.149902,127.839996,10.76,18.83,1.118406,127.839996,4347,555720.46
8/16/2016,2178.149902,128.470001,10.92,18.82,1.127599,128.470001,7782,999753.55
8/17/2016,2182.219971,128.5,10.99,18.68,1.129892,128.5,4499,578121.5
8/18/2016,2187.02002,129.110001,11.3,18.77,1.134945,129.110001,3061,395205.71
8/22/2016,2182.639893,127.779999,10.97,17.969999,1.131926,127.779999,7787,995022.85
8/23/2016,2186.899902,127.760002,11.09,17.93,1.130084,127.760002,1681,214764.56
8/24/2016,2175.439941,126.339996,10.82,17.620001,1.12638,126.339996,8041,1015899.91
8/25/2016,2172.469971,126.230003,10.95,17.629999,1.12905,126.230003,6494,819737.64
8/29/2016,2180.379883,126.300003,10.85,17.9,1.119282,126.300003,8309,1049426.72
8/30/2016,2176.120117,125.029999,10.73,17.67,1.115324,125.029999,7578,947477.33
8/31/2016,2170.949951,124.779999,10.36,17.719999,1.116071,124.779999,6440,803583.19
09-01-2016,2170.860107,125.290001,10.06,17.940001,1.120072,125.290001,2686,336528.94
09-06-2016,2186.47998,128.710007,10.39,19.049999,1.125366,128.710007,6744,868020.29
09-07-2016,2186.159912,128.270004,10.52,18.780001,1.124101,128.270004,8280,1062075.63
09-08-2016,2181.300049,127.589996,10.96,18.620001,1.127142,127.589996,9537,1216825.79
09-12-2016,2159.040039,126.589996,10.64,18.17,1.124354,126.589996,5073,642191.05
9/13/2016,2127.02002,125.75,10.37,17.93,1.121869,125.75,7455,937466.25
9/14/2016,2125.77002,126.18,10.09,18.02,1.124733,126.18,8227,1038082.86
9/15/2016,2147.26001,125.370003,10.14,18.040001,1.124594,125.370003,8712,1092223.47
9/19/2016,2139.120117,125.32,9.98,18.200001,1.118068,125.32,7834,981756.88
9/20/2016,2139.76001,125.440002,10.07,18.27,1.115399,125.440002,6534,819624.97
9/21/2016,2163.120117,127.269997,10.4,18.85,1.119319,127.269997,9681,1232100.84
9/22/2016,2177.179932,127.57,10.53,18.9,1.121013,127.57,1108,141347.56
9/26/2016,2146.100098,127.550003,10.43,18.41,1.124986,127.550003,5897,752162.37
9/27/2016,2159.929932,126.620003,10.15,18.17,1.121957,126.620003,8004,1013466.5
9/28/2016,2171.370117,126.220001,10.65,18.209999,1.122498,126.220001,5307,669849.55
9/29/2016,2151.129883,126.07,10.87,18.110001,1.121957,126.07,3108,391825.56
10-03-2016,2161.199951,125.32,11.1,17.870001,1.121039,125.32,4156,520829.92
10-04-2016,2150.48999,120.970001,11.09,16.940001,1.121076,120.970001,2722,329280.34
10-05-2016,2159.72998,120.779999,11.35,16.85,1.120825,120.779999,1092,131891.76
10-06-2016,2160.77002,119.660004,11.51,16.440001,1.114455,119.660004,7638,913963.11
10-10-2016,2163.659912,120.160004,11.67,16.73,1.114082,120.160004,7731,928956.99
10-11-2016,2136.72998,119.550003,11.58,16.559999,1.106195,119.550003,1638,195822.9
10-12-2016,2139.179932,119.739998,11.43,16.65,1.101188,119.739998,9666,1157406.82
10/13/2016,2132.550049,120.029999,11.49,16.610001,1.104972,120.029999,7200,864215.99
10/17/2016,2126.5,119.68,11.37,16.57,1.101564,119.68,9342,1118050.56
10/18/2016,2139.600098,120.419998,11.45,16.719999,1.097695,120.419998,8117,977449.12
10/19/2016,2144.290039,121.110001,11.66,16.790001,1.097514,121.110001,1435,173792.85
10/20/2016,2141.340088,120.739998,11.43,16.639999,1.09304,120.739998,2922,352802.27
10/24/2016,2151.330078,120.559998,11.43,16.700001,1.087548,120.559998,7386,890456.15
10/25/2016,2143.159912,121.470001,11.24,16.860001,1.088732,121.470001,4083,495962.01
10/26/2016,2139.429932,120.790001,11.09,16.709999,1.091203,120.790001,1181,142652.99
10/27/2016,2133.040039,121.010002,11.21,16.73,1.090037,121.010002,3384,409497.85
10/31/2016,2126.149902,121.940002,10.53,16.969999,1.098467,121.940002,1427,174008.38
11-01-2016,2111.719971,122.730003,10.57,17.41,1.097333,122.730003,6868,842909.66
11-02-2016,2097.939941,123.639999,10.28,17.559999,1.105705,123.639999,2876,355588.64
11-03-2016,2088.659912,124.300003,10.08,17.42,1.109755,124.300003,8577,1066121.13
11-04-2016,2085.179932,124.389999,9.98,17.459999,1.110248,124.389999,3153,392201.67
11-07-2016,2131.52002,122.150002,10.16,17.290001,1.110124,122.150002,4723,576914.46
11-08-2016,2139.560059,121.639999,10.1,17.4,1.105217,121.639999,4433,539230.12
11-09-2016,2163.26001,121.559998,10.28,17.450001,1.101904,121.559998,4850,589565.99
11-10-2016,2167.47998,119.75,10.04,17.559999,1.092061,119.75,1333,159626.75
11-11-2016,2164.449951,117.099998,9.77,16.469999,1.088969,117.099998,8808,1031416.78
11/14/2016,2164.199951,116.110001,9.87,16.0,1.082485,116.110001,4795,556747.45
11/15/2016,2180.389893,117.120003,10.34,16.190001,1.075038,117.120003,2253,263871.37
11/16/2016,2176.939941,116.769997,10.23,16.09,1.072731,116.769997,4924,574975.47
11/17/2016,2187.120117,116.169998,10.13,15.84,1.070664,116.169998,8741,1015441.95
11/18/2016,2181.899902,115.150002,10.32,15.73,1.062304,115.150002,7185,827352.76
11/21/2016,2198.179932,115.580002,10.77,15.72,1.058425,115.580002,4000,462320.01
11/22/2016,2202.939941,115.540001,10.63,15.8,1.063886,115.540001,8479,979663.67
11/23/2016,2204.719971,113.25,10.67,15.52,1.063377,113.25,9422,1067041.5
11/25/2016,2213.350098,112.610001,10.33,15.63,1.056189,112.610001,7116,801332.77
11/28/2016,2201.719971,113.800003,10.44,15.77,1.061233,113.800003,5616,639100.82
11/29/2016,2204.659912,113.269997,10.06,15.78,1.062135,113.269997,8555,969024.82
11/30/2016,2198.810059,111.75,10.93,15.66,1.064849,111.75,8608,961944.0
12-01-2016,2191.080078,111.540001,11.33,15.66,1.05921,111.540001,6770,755125.81
12-02-2016,2191.949951,112.139999,11.48,15.83,1.066314,112.139999,1509,169219.26
12-05-2016,2204.709961,111.540001,11.35,15.88,1.058201,111.540001,2163,241261.02
12-06-2016,2212.22998,111.43,11.29,15.85,1.075732,111.43,8758,975903.94
12-07-2016,2241.350098,111.830002,11.09,16.23,1.072041,111.830002,4745,530633.36
12-08-2016,2246.189941,111.57,11.31,16.139999,1.076195,111.57,5643,629589.51
12-09-2016,2259.530029,110.400002,11.44,15.97,1.062135,110.400002,7424,819609.61
12-12-2016,2256.959961,110.82,11.62,16.190001,1.054741,110.82,9968,1104653.76
12/13/2016,2271.719971,110.449997,11.73,16.040001,1.064169,110.449997,5832,644144.38
12/14/2016,2253.280029,108.830002,11.32,15.93,1.062925,108.830002,7079,770407.58
12/15/2016,2262.030029,107.339996,11.36,15.18,1.051414,107.339996,9987,1072004.54
12/16/2016,2258.070068,108.050003,11.55,15.27,1.041884,108.050003,1841,198920.06
12/19/2016,2262.530029,108.589996,11.5,15.17,1.044998,108.589996,4554,494518.84
12/20/2016,2270.76001,107.790001,11.62,15.24,1.040583,107.790001,9256,997704.25
12/21/2016,2265.179932,107.849998,11.44,15.12,1.039047,107.849998,9483,1022741.53
12/22/2016,2260.959961,107.589996,11.46,14.98,1.042862,107.589996,9774,1051584.62
12/23/2016,2263.790039,107.93,11.56,14.91,1.043765,107.93,5252,566848.36
12/27/2016,2268.879883,108.559998,11.73,15.13,1.045697,108.559998,7608,825924.46
12/28/2016,2249.919922,108.860001,11.75,15.2,1.046233,108.860001,4111,447523.46
12/29/2016,2249.26001,110.290001,11.72,15.32,1.041699,110.290001,1708,188375.32
12/30/2016,2238.830078,109.610001,11.72,15.11,1.05753,109.610001,1341,146987.01
01-03-2017,2257.830078,110.470001,11.44,15.44,1.046003,110.470001,1359,150128.73
01-04-2017,2270.75,110.860001,11.58,15.58,1.041992,110.860001,6708,743648.89
01-05-2017,2269.0,112.580002,11.7,15.76,1.050089,112.580002,9981,1123661.0
01-06-2017,2276.97998,111.75,11.68,15.64,1.060592,111.75,3470,387772.5
01-09-2017,2268.899902,112.669998,11.31,15.7,1.053186,112.669998,5295,596587.64
01-10-2017,2268.899902,113.150002,11.07,15.91,1.058862,113.150002,7774,879628.12
01-11-2017,2275.320068,113.5,11.37,15.87,1.055242,113.5,8797,998459.5
01-12-2017,2270.439941,113.910004,11.54,15.91,1.059771,113.910004,9003,1025531.77
1/13/2017,2274.639893,114.209999,11.41,15.94,1.061684,114.209999,6498,742136.57
1/17/2017,2267.889893,115.849998,11.43,16.280001,1.060299,115.849998,7362,852887.69
1/18/2017,2271.889893,114.870003,11.16,16.190001,1.069679,114.870003,3049,350238.64
1/19/2017,2263.689941,114.769997,11.17,16.120001,1.062778,114.769997,3950,453341.49
1/20/2017,2271.310059,115.050003,11.39,16.190001,1.065973,115.050003,3281,377479.06
1/23/2017,2265.199951,115.790001,11.32,16.290001,1.071375,115.790001,3108,359875.32
1/24/2017,2280.070068,115.269997,11.37,16.219999,1.076079,115.269997,9201,1060599.24
1/25/2017,2298.370117,114.32,11.31,16.1,1.072869,114.32,1758,200974.56
1/26/2017,2296.679932,113.260002,11.53,15.93,1.075199,113.260002,7475,846618.51
1/27/2017,2294.689941,113.489998,11.4,16.219999,1.068296,113.489998,9643,1094384.05
1/30/2017,2280.899902,113.970001,11.28,16.23,1.071398,113.970001,6077,692595.7
1/31/2017,2278.870117,115.550003,11.32,16.629999,1.070859,115.550003,9226,1066064.33
02-01-2017,2279.550049,115.199997,11.48,16.610001,1.08038,115.199997,3619,416908.79
02-02-2017,2280.850098,115.839996,11.51,16.559999,1.076739,115.839996,8558,991358.69
02-03-2017,2297.419922,116.129997,11.54,16.57,1.076171,116.129997,2301,267215.12
02-06-2017,2292.560059,117.699997,11.38,16.82,1.078295,117.699997,8438,993152.57
02-07-2017,2293.080078,117.459999,11.19,16.790001,1.074322,117.459999,2123,249367.58
02-08-2017,2294.669922,118.190002,11.23,16.84,1.067806,118.190002,2185,258245.15
02-09-2017,2307.870117,117.290001,11.35,16.75,1.069221,117.290001,3710,435145.9
02-10-2017,2316.100098,117.599998,11.5,17.02,1.065859,117.599998,1750,205800.0
2/13/2017,2328.25,116.800003,11.32,16.889999,1.061954,116.800003,4997,583649.61
2/14/2017,2337.580078,116.93,11.38,17.01,1.05985,116.93,4122,481985.46
2/15/2017,2349.25,117.449997,11.36,17.040001,1.057832,117.449997,8397,986227.62
2/16/2017,2347.219971,118.080002,11.41,17.15,1.060738,118.080002,5257,620746.57
2/17/2017,2351.159912,117.68,11.39,17.059999,1.067225,117.68,5992,705138.56
2/21/2017,2365.379883,117.75,11.54,17.030001,1.06094,117.75,3200,376800.0
2/22/2017,2362.820068,117.910004,11.36,17.110001,1.054207,117.910004,1184,139605.44
2/23/2017,2363.810059,118.940002,11.53,17.24,1.055409,118.940002,2631,312931.15
2/24/2017,2367.340088,119.699997,11.46,17.4,1.058447,119.699997,7394,885061.78
2/27/2017,2369.75,119.120003,11.47,17.27,1.055275,119.120003,9661,1150818.35
2/28/2017,2363.639893,119.230003,11.45,17.370001,1.058425,119.230003,1155,137710.65
03-01-2017,2395.959961,119.059998,11.4,17.440001,1.056915,119.059998,3737,444927.21
03-02-2017,2381.919922,117.580002,11.17,16.799999,1.053585,117.580002,1521,178839.18
03-03-2017,2383.120117,117.510002,11.29,16.98,1.050972,117.510002,2782,326912.83
03-06-2017,2375.310059,116.720001,11.28,16.83,1.062045,116.720001,8175,954186.01
03-07-2017,2368.389893,115.779999,11.27,16.549999,1.057921,115.779999,2814,325804.92
03-08-2017,2362.97998,115.059998,10.67,16.32,1.057015,115.059998,5491,631794.45
03-09-2017,2364.870117,114.470001,10.53,16.059999,1.054741,114.470001,6725,769810.76
03-10-2017,2372.600098,114.720001,10.29,16.15,1.057843,114.720001,2521,289209.12
3/13/2017,2373.469971,114.739998,10.28,16.07,1.069004,114.739998,9119,1046314.04
3/14/2017,2365.449951,114.120003,10.19,15.99,1.065144,114.120003,2845,324671.41
3/15/2017,2385.26001,116.25,10.38,16.43,1.061244,116.25,1795,208668.75
3/16/2017,2381.379883,116.730003,10.36,16.4,1.073791,116.730003,7692,897887.18
3/17/2017,2378.25,116.989998,10.33,16.469999,1.07747,116.989998,2052,240063.48
3/20/2017,2373.469971,117.510002,10.27,16.5,1.074299,117.510002,9231,1084734.83
3/21/2017,2344.02002,118.540001,10.11,16.610001,1.073768,118.540001,5553,658252.63
3/22/2017,2348.449951,118.830002,10.12,16.620001,1.081245,118.830002,1442,171352.86
3/23/2017,2345.959961,118.669998,10.01,16.67,1.079016,118.669998,3606,427924.01
3/24/2017,2343.97998,118.860001,10.09,16.809999,1.078388,118.860001,8098,962528.29
3/27/2017,2341.590088,119.529999,10.04,17.15,1.086095,119.529999,8058,963172.73
3/28/2017,2358.570068,119.040001,10.15,17.18,1.081771,119.040001,7838,933035.53
3/29/2017,2361.129883,119.330002,10.37,17.25,1.075963,119.330002,3365,401545.46
3/30/2017,2368.060059,118.470001,10.57,17.15,1.068707,118.470001,7292,863883.25
04-03-2017,2358.840088,119.349998,10.55,17.24,1.067008,119.349998,6827,814802.44
04-04-2017,2360.159912,119.620003,10.71,17.33,1.068034,119.620003,5917,707791.56
04-05-2017,2352.949951,119.620003,10.68,17.32,1.067247,119.620003,6914,827052.7
04-06-2017,2357.48999,119.18,10.86,17.26,1.064464,119.18,7515,895637.7
04-10-2017,2357.159912,119.459999,11.14,17.0,1.05976,119.459999,1657,197945.22
04-11-2017,2353.780029,121.190002,11.17,17.309999,1.061132,121.190002,7913,958976.49
04-12-2017,2344.929932,122.019997,11.11,17.459999,1.067065,122.019997,5528,674526.54
4/13/2017,2328.949951,122.599998,11.13,17.530001,1.061639,122.599998,6430,788317.99
4/17/2017,2349.01001,122.239998,11.06,17.43,1.064453,122.239998,3383,413537.91
4/18/2017,2342.189941,122.82,11.04,17.34,1.072869,122.82,5241,643699.62
4/19/2017,2338.169922,121.730003,10.62,17.18,1.071501,121.730003,6988,850649.26
4/20/2017,2355.840088,121.959999,10.54,17.059999,1.07149,121.959999,6631,808716.75
4/24/2017,2374.149902,121.480003,10.25,16.98,1.086484,121.480003,6066,736897.7
4/25/2017,2388.610107,120.25,10.36,16.68,1.092825,120.25,2286,274891.5
4/26/2017,2387.449951,120.839996,10.26,16.57,1.090893,120.839996,1646,198902.63
4/27/2017,2388.77002,120.389999,10.24,16.370001,1.086425,120.389999,8559,1030418.0
05-01-2017,2388.330078,119.669998,10.15,15.99,1.090893,119.669998,8813,1054651.69
05-02-2017,2391.169922,119.650002,9.92,15.93,1.093565,119.650002,6214,743505.11
05-03-2017,2388.129883,117.980003,9.93,15.59,1.088898,117.980003,6720,792825.62
05-04-2017,2389.52002,116.790001,9.46,15.43,1.098153,116.790001,8401,981152.8
05-08-2017,2399.379883,116.75,9.67,15.41,1.092777,116.75,5034,587719.5
05-09-2017,2396.919922,116.050003,9.57,15.3,1.088684,116.050003,8769,1017642.48
05-10-2017,2399.629883,116.040001,9.86,15.35,1.087075,116.040001,8552,992374.09
05-11-2017,2394.439941,116.5,9.94,15.45,1.086496,116.5,8582,999803.0
5/15/2017,2402.320068,117.139999,10.17,15.75,1.098177,117.139999,8151,954808.13
5/16/2017,2400.669922,117.650002,10.11,15.93,1.109398,117.650002,3127,367891.56
5/17/2017,2357.030029,119.790001,10.19,16.0,1.115636,119.790001,4138,495691.02
5/18/2017,2365.719971,118.809998,10.26,15.71,1.111358,118.809998,1632,193897.92
5/22/2017,2394.02002,119.900002,10.54,16.23,1.123886,119.900002,4350,521565.01
5/23/2017,2398.419922,119.139999,10.64,16.15,1.117931,119.139999,5367,639424.37
5/24/2017,2404.389893,119.610001,10.6,16.280001,1.123091,119.610001,6891,824232.52
5/25/2017,2415.070068,119.480003,10.04,16.23,1.121076,119.480003,4529,541124.93
5/30/2017,2412.909912,120.139999,10.24,16.469999,1.117169,120.139999,6030,724444.19
5/31/2017,2411.800049,120.620003,9.96,16.389999,1.124354,120.620003,3139,378626.19
06-01-2017,2430.060059,120.720001,9.91,16.379999,1.121579,120.720001,8058,972761.77
06-05-2017,2436.100098,121.730003,9.8,16.629999,1.125682,121.730003,5154,627396.44
06-06-2017,2429.330078,123.099998,9.97,16.76,1.127142,123.099998,3598,442913.79
06-07-2017,2433.139893,122.449997,9.46,16.65,1.125518,122.449997,2222,272083.89
06-08-2017,2433.790039,121.650002,9.43,16.49,1.118481,121.650002,7035,855807.76
06-12-2017,2429.389893,120.360001,9.52,16.040001,1.11962,120.360001,9211,1108635.97
6/13/2017,2440.350098,120.480003,9.6,15.95,1.120888,120.480003,2407,289995.37
6/14/2017,2437.919922,119.82,9.23,15.95,1.121579,119.82,6449,772719.18
6/15/2017,2432.459961,119.32,9.18,15.88,1.114691,119.32,7411,884280.52
6/19/2017,2453.459961,118.43,9.12,15.61,1.114455,118.43,7654,906463.22
6/20/2017,2437.030029,118.18,8.95,15.59,1.113697,118.18,8685,1026393.3
6/21/2017,2435.610107,118.519997,8.71,15.54,1.11672,118.519997,8412,996990.21
6/22/2017,2434.5,118.919998,8.78,15.68,1.114964,118.919998,7925,942440.98
6/26/2017,2439.070068,118.360001,8.93,15.68,1.118356,118.360001,4066,481251.76
6/27/2017,2419.379883,118.809998,9.1,15.79,1.133915,118.809998,3788,450052.27
6/28/2017,2440.689941,118.900002,9.2,15.92,1.138265,118.900002,8990,1068911.02
6/29/2017,2419.699951,118.32,9.21,15.73,1.144165,118.32,1800,212976.0
07-03-2017,2429.01001,116.089996,9.62,15.3,1.137139,116.089996,2518,292314.61
07-05-2017,2432.540039,116.519997,9.25,15.18,1.134687,116.519997,7881,918294.1
07-06-2017,2409.75,116.470001,9.31,15.15,1.142478,116.470001,7775,905554.26
07-11-2017,2425.530029,115.620003,9.27,14.99,1.147394,115.620003,6168,713144.18
07-12-2017,2443.25,116.029999,9.33,15.05,1.141891,116.029999,8797,1020715.9
7/13/2017,2447.830078,115.82,9.47,14.87,1.140394,115.82,5557,643611.74
7/17/2017,2459.139893,117.290001,9.45,15.22,1.147434,117.290001,3742,438899.18
7/18/2017,2460.610107,118.110001,9.54,15.38,1.154974,118.110001,8774,1036297.15
7/19/2017,2473.830078,118.080002,9.69,15.4,1.152844,118.080002,3544,418475.53
7/20/2017,2473.449951,118.239998,9.61,15.42,1.162872,118.239998,6662,787714.87
7/24/2017,2469.909912,119.309998,9.5,15.58,1.163887,119.309998,6613,788997.02
7/25/2017,2477.129883,118.919998,9.81,15.59,1.164456,118.919998,4110,488761.19
7/26/2017,2477.830078,119.879997,9.96,15.75,1.1728,119.879997,9424,1129749.09
7/27/2017,2475.419922,119.790001,10.06,15.68,1.168866,119.790001,2832,339245.28
7/31/2017,2470.300049,120.75,10.28,15.9,1.18241,120.75,3475,419606.25
08-01-2017,2476.350098,120.650002,10.09,15.79,1.181126,120.650002,6869,828744.86
08-02-2017,2477.570068,120.400002,10.14,15.67,1.185115,120.400002,2433,292933.2
08-03-2017,2472.159912,120.589996,10.02,15.72,1.188495,120.589996,5068,611150.1
08-07-2017,2480.909912,119.510002,10.1,15.33,1.180094,119.510002,7882,941977.84
08-08-2017,2474.919922,119.860001,10.06,15.56,1.175461,119.860001,5548,664983.29
08-09-2017,2474.02002,121.309998,10.15,15.98,1.176152,121.309998,5061,613949.9
08-10-2017,2438.209961,122.209999,9.91,16.18,1.177024,122.209999,8484,1036829.63
8/14/2017,2465.840088,121.919998,9.72,16.129999,1.177579,121.919998,7271,886480.31
8/15/2017,2464.610107,120.980003,9.75,15.74,1.174122,120.980003,4759,575743.83
8/16/2017,2468.110107,121.870003,9.57,16.15,1.177426,121.870003,6584,802392.1
8/17/2017,2430.01001,122.489998,9.62,16.120001,1.17155,122.489998,9834,1204566.64
8/21/2017,2428.370117,122.760002,9.71,16.07,1.181195,122.760002,8069,990550.46
8/22/2017,2452.51001,122.209999,9.77,16.07,1.176221,122.209999,1169,142863.49
8/23/2017,2444.040039,122.669998,9.88,16.15,1.181656,122.669998,6200,760553.99
8/24/2017,2438.969971,122.290001,9.71,16.030001,1.18022,122.290001,4322,528537.38
8/28/2017,2444.23999,124.690002,9.53,16.5,1.196387,124.690002,2572,320702.69
8/29/2017,2446.300049,124.419998,9.46,16.42,1.197046,124.419998,1119,139225.98
8/30/2017,2457.590088,124.360001,9.38,16.459999,1.189343,124.360001,7586,943394.97
8/31/2017,2471.649902,125.82,9.63,16.65,1.191043,125.82,1039,130726.98
09-05-2017,2457.850098,127.459999,9.92,16.91,1.192407,127.459999,5621,716452.65
09-06-2017,2465.540039,126.809998,10.04,16.870001,1.192777,126.809998,7651,970223.29
09-07-2017,2465.100098,128.130005,10.03,17.1,1.202906,128.130005,2725,349154.26
09-11-2017,2488.110107,126.190002,9.82,16.77,1.195943,126.190002,9675,1220888.27
09-12-2017,2496.47998,126.559998,9.87,16.889999,1.197461,126.559998,6090,770750.39
9/13/2017,2498.370117,125.610001,10.07,16.76,1.189061,125.610001,8343,1047964.24
9/14/2017,2495.620117,126.160004,10.13,16.77,1.192165,126.160004,4025,507794.02
9/18/2017,2503.870117,124.360001,10.17,16.27,1.195929,124.360001,1585,197110.6
9/19/2017,2506.649902,124.620003,10.11,16.360001,1.199256,124.620003,7125,887917.52
9/20/2017,2508.23999,123.620003,10.24,16.190001,1.187211,123.620003,3087,381614.95
9/21/2017,2500.600098,122.68,10.25,16.030001,1.194558,122.68,2622,321666.96
9/25/2017,2496.659912,124.529999,10.55,16.209999,1.185565,124.529999,4991,621529.23
9/26/2017,2496.840088,123.139999,10.49,15.91,1.178606,123.139999,7015,863827.09
9/27/2017,2507.040039,121.980003,10.52,15.83,1.174964,121.980003,6721,819827.6
9/28/2017,2510.060059,122.209999,10.43,15.92,1.178175,122.209999,1321,161439.41
10-02-2017,2529.120117,120.769997,10.21,15.67,1.173378,120.769997,3864,466655.27
10-03-2017,2534.580078,120.830002,10.18,15.71,1.174757,120.830002,9002,1087711.68
10-04-2017,2537.73999,121.169998,10.08,15.69,1.175724,121.169998,6324,766279.07
10-05-2017,2552.070068,120.519997,10.25,15.69,1.171234,120.519997,9468,1141083.33
10-09-2017,2544.72998,122.080002,10.0,16.02,1.174164,122.080002,3194,389923.53
10-10-2017,2550.639893,122.400002,10.28,16.15,1.181488,122.400002,9011,1102946.42
10-11-2017,2555.23999,122.790001,10.36,16.25,1.186549,122.790001,1702,208988.58
10-12-2017,2550.929932,122.889999,10.23,16.26,1.18318,122.889999,9366,1150987.73
10/16/2017,2557.639893,122.970001,10.46,16.25,1.179454,122.970001,4125,507251.25
10/17/2017,2559.360107,122.129997,10.49,16.09,1.177191,122.129997,8246,1007083.96
10/18/2017,2561.26001,121.669998,10.48,16.059999,1.179523,121.669998,5540,674051.79
10/19/2017,2562.100098,122.389999,10.35,16.27,1.184806,122.389999,9906,1212395.33
10/23/2017,2564.97998,121.800003,10.42,16.139999,1.175917,121.800003,4803,585005.41
10/24/2017,2569.129883,121.330002,10.54,16.02,1.175903,121.330002,7428,901239.25
10/25/2017,2557.149902,121.349998,10.48,16.01,1.182075,121.349998,8665,1051497.73
10/26/2017,2560.399902,120.330002,10.57,15.85,1.163724,120.330002,3500,421155.01
10/30/2017,2572.830078,121.129997,10.87,15.91,1.160456,121.129997,3725,451209.24
10/31/2017,2575.26001,120.669998,10.93,15.79,1.16527,120.669998,5860,707126.19
11-01-2017,2579.360107,121.110001,10.9,16.18,1.165175,121.110001,3899,472207.89
11-02-2017,2579.850098,121.190002,10.99,16.17,1.162872,121.190002,7063,855964.98
11-03-2017,2587.840088,120.620003,11.18,15.92,1.166181,120.620003,8213,990652.08
11-06-2017,2591.129883,121.650002,11.51,16.27,1.161494,121.650002,5998,729656.71
11-07-2017,2590.639893,121.209999,11.49,16.01,1.161265,121.209999,9191,1114041.1
11-08-2017,2594.379883,121.629997,11.41,16.059999,1.160106,121.629997,5894,716887.2
11-09-2017,2584.620117,122.129997,11.46,16.07,1.159689,122.129997,6643,811309.57
11-10-2017,2582.300049,121.129997,11.42,15.95,1.164687,121.129997,6999,847788.85
11/13/2017,2584.840088,121.309998,11.38,16.09,1.166113,121.309998,6299,764131.68
11/14/2017,2578.870117,121.559998,11.13,16.08,1.166494,121.559998,2353,286030.68
11/15/2017,2564.620117,121.410004,11.09,16.030001,1.179287,121.410004,2973,360951.94
11/20/2017,2582.139893,121.309998,11.28,15.98,1.173186,121.309998,3418,414637.57
11/21/2017,2599.030029,121.510002,11.4,16.01,1.174122,121.510002,7930,963574.32
11/22/2017,2597.080078,122.629997,11.6,16.17,1.173723,122.629997,1123,137713.49
11/24/2017,2602.419922,122.32,11.79,16.08,1.185396,122.32,6980,853793.6
11/27/2017,2601.419922,122.830002,11.59,16.1,1.192649,122.830002,2959,363453.98
11/28/2017,2627.040039,122.809998,11.58,15.91,1.19049,122.809998,3278,402571.17
11/29/2017,2626.070068,122.040001,11.47,15.64,1.184806,122.040001,8210,1001948.41
11/30/2017,2647.580078,121.099998,11.47,15.51,1.185199,121.099998,1810,219191.0
12-01-2017,2642.219971,121.589996,11.67,15.53,1.189825,121.589996,2484,302029.55
12-04-2017,2639.439941,121.18,11.49,15.44,1.185986,121.18,8304,1006278.72
12-05-2017,2629.570068,120.32,11.54,15.23,1.186775,120.32,6626,797240.32
12-06-2017,2629.27002,120.07,11.2,15.1,1.183292,120.07,9701,1164799.07
12-07-2017,2636.97998,118.489998,11.33,14.87,1.180429,118.489998,8975,1063447.73
12-08-2017,2651.5,118.480003,11.49,14.96,1.177218,118.480003,6678,791209.46
12-11-2017,2659.98999,118.010002,11.6,14.85,1.176997,118.010002,6439,759866.4
12-12-2017,2664.110107,118.150002,11.44,14.86,1.177759,118.150002,7258,857532.71
12/13/2017,2662.850098,119.169998,11.33,15.15,1.17426,119.169998,6717,800464.88
12/14/2017,2652.01001,118.93,11.43,15.02,1.183586,118.93,4728,562301.04
12/15/2017,2675.810059,119.18,11.46,15.15,1.177496,119.18,5987,713530.66
12/18/2017,2690.159912,119.730003,11.44,15.22,1.174357,119.730003,5378,643907.96
12/19/2017,2681.469971,119.82,11.51,15.22,1.178425,119.82,8871,1062923.22
12/20/2017,2679.25,120.139999,11.61,15.25,1.184133,120.139999,2864,344080.96
12/21/2017,2684.570068,120.309998,11.64,15.22,1.187818,120.309998,9659,1162074.27
12/22/2017,2683.340088,120.940002,11.66,15.4,1.185733,120.940002,9249,1118574.08
12/26/2017,2680.5,121.769997,11.95,15.59,1.187254,121.769997,4206,512164.61
12/27/2017,2682.620117,122.230003,11.92,15.73,1.185789,122.230003,4530,553701.91
12/28/2017,2687.540039,122.849998,11.97,15.88,1.190079,122.849998,3874,475920.89
12/29/2017,2673.610107,123.650002,12.01,15.99,1.194172,123.650002,9200,1137580.02
01-02-2018,2695.810059,125.150002,12.07,16.209999,1.201158,125.150002,8576,1073286.42
01-03-2018,2713.060059,124.82,12.34,16.17,1.206345,124.82,9177,1145473.14
01-04-2018,2723.98999,125.459999,12.37,16.23,1.201043,125.459999,2889,362453.94
01-05-2018,2743.149902,125.330002,12.31,16.219999,1.206884,125.330002,1100,137863.0
01-08-2018,2747.709961,125.309998,12.38,16.15,1.203746,125.309998,4047,507129.56
01-09-2018,2751.290039,124.730003,12.57,16.030001,1.197046,124.730003,3261,406744.54
01-10-2018,2748.22998,125.029999,12.68,16.02,1.192933,125.029999,9251,1156652.52
01-11-2018,2767.560059,125.440002,12.7,16.01,1.195614,125.440002,7696,965386.26
01-12-2018,2786.23999,126.959999,12.87,16.27,1.20421,126.959999,2233,283501.68
1/16/2018,2776.419922,127.169998,12.76,16.25,1.226843,127.169998,8652,1100274.82
1/17/2018,2802.560059,126.139999,12.78,16.059999,1.227129,126.139999,7102,895846.27
1/18/2018,2798.030029,125.860001,12.76,15.97,1.218398,125.860001,4616,580969.76
1/19/2018,2810.300049,126.419998,12.72,16.049999,1.223661,126.419998,6743,852450.05
1/22/2018,2832.969971,126.650002,12.78,16.040001,1.22555,126.650002,7688,973685.22
1/23/2018,2839.129883,127.279999,12.97,16.08,1.225625,127.279999,1542,196265.76
1/24/2018,2837.540039,128.830002,13.22,16.559999,1.231027,128.830002,8979,1156764.59
1/25/2018,2839.25,127.970001,13.06,16.309999,1.239111,127.970001,7549,966045.54
1/26/2018,2872.870117,128.070007,13.24,16.41,1.239234,128.070007,9771,1251372.04
1/29/2018,2853.530029,127.349998,13.11,16.209999,1.242807,127.349998,4135,526592.24
1/30/2018,2822.429932,126.800003,12.9,16.15,1.238114,126.800003,1400,177520.0
1/31/2018,2823.810059,127.650002,12.98,16.35,1.240957,127.650002,9187,1172720.57
02-01-2018,2821.97998,128.070007,13.24,16.25,1.241866,128.070007,3439,440432.75
02-02-2018,2762.129883,126.389999,13.04,15.66,1.251001,126.389999,5547,701085.32
02-05-2018,2648.939941,126.709999,12.77,15.74,1.244694,126.709999,2844,360363.24
02-06-2018,2695.139893,125.379997,12.7,15.65,1.236782,125.379997,9061,1136068.15
02-07-2018,2681.659912,124.790001,12.37,15.41,1.238129,124.790001,1658,206901.82
02-08-2018,2581.0,124.980003,12.09,15.46,1.226813,124.980003,9151,1143692.01
02-09-2018,2619.550049,124.769997,11.86,15.39,1.226076,124.769997,8826,1101219.99
02-12-2018,2656.0,125.370003,11.89,15.57,1.22528,125.370003,9231,1157290.5
2/13/2018,2662.939941,126.080002,11.87,15.62,1.230376,126.080002,9539,1202677.14
2/14/2018,2698.629883,128.229996,12.18,15.91,1.235376,128.229996,8751,1122140.69
2/15/2018,2731.199951,128.380005,12.33,15.91,1.246727,128.380005,8055,1034100.94
2/16/2018,2732.219971,127.959999,12.38,15.73,1.25036,127.959999,7873,1007429.07
2/20/2018,2716.26001,126.239998,12.39,15.54,1.239864,126.239998,4575,577547.99
2/21/2018,2701.330078,125.660004,12.29,15.54,1.233532,125.660004,2733,343428.79
2/22/2018,2703.959961,126.300003,12.59,15.66,1.228184,126.300003,2175,274702.51
2/23/2018,2747.300049,126.139999,12.77,15.59,1.232666,126.139999,8049,1015300.85
2/26/2018,2779.600098,126.449997,12.86,15.68,1.228713,126.449997,3568,451173.59
2/27/2018,2744.280029,125.129997,12.65,15.48,1.231557,125.129997,5651,707109.61
2/28/2018,2713.830078,125.0,12.37,15.46,1.223032,125.0,7160,895000.0
03-01-2018,2677.669922,124.720001,12.35,15.54,1.219126,124.720001,3611,450363.92
03-02-2018,2691.25,125.389999,12.37,15.56,1.227084,125.389999,6082,762621.97
03-05-2018,2720.939941,125.18,12.59,15.49,1.231542,125.18,2755,344870.9
03-06-2018,2728.120117,126.529999,12.57,15.78,1.233654,126.529999,8045,1017933.84
03-07-2018,2726.800049,125.720001,12.35,15.53,1.241665,125.720001,1700,213724.0
03-08-2018,2738.969971,125.419998,12.15,15.55,1.241465,125.419998,5174,648923.07
03-09-2018,2786.570068,125.540001,12.47,15.63,1.230663,125.540001,3558,446671.32
03-12-2018,2783.02002,125.540001,12.37,15.61,1.230875,125.540001,2117,265768.18
3/13/2018,2765.310059,125.779999,12.24,15.61,1.233958,125.779999,8235,1035798.29
3/14/2018,2749.47998,125.699997,12.28,15.61,1.239234,125.699997,2510,315506.99
3/15/2018,2747.330078,124.900002,12.34,15.45,1.237562,124.900002,7008,875299.21
3/16/2018,2752.01001,124.599998,12.55,15.39,1.230921,124.599998,1055,131453.0
3/19/2018,2712.919922,124.870003,12.55,15.39,1.228079,124.870003,7195,898439.67
3/20/2018,2716.939941,124.309998,12.81,15.28,1.233685,124.309998,3649,453607.18
3/21/2018,2711.929932,126.480003,13.18,15.65,1.22519,126.480003,7169,906735.14
3/22/2018,2643.689941,125.980003,12.95,15.44,1.234766,125.980003,8968,1129788.67
3/23/2018,2588.26001,127.610001,13.28,15.58,1.232499,127.610001,2483,316855.63
3/26/2018,2658.550049,128.279999,13.21,15.72,1.245749,128.279999,3678,471813.84
3/27/2018,2612.620117,127.489998,13.08,15.57,1.240787,127.489998,2268,289147.32
3/28/2018,2605.0,125.730003,13.04,15.36,1.231027,125.730003,4320,543153.61
3/29/2018,2640.870117,125.790001,13.09,15.41,1.230285,125.790001,5464,687316.57
04-02-2018,2581.879883,127.260002,12.74,15.65,1.229271,127.260002,2826,359636.77
04-03-2018,2614.449951,126.300003,12.81,15.46,1.227853,126.300003,1196,151054.8
04-04-2018,2644.689941,126.449997,12.82,15.38,1.228682,126.449997,6629,838237.03
04-05-2018,2662.840088,125.800003,12.83,15.45,1.22516,125.800003,3027,380796.61
04-09-2018,2613.159912,126.82,12.77,15.56,1.23224,126.82,3897,494217.54
04-10-2018,2656.870117,127.120003,13.25,15.62,1.236308,127.120003,5388,684922.58
04-11-2018,2642.189941,128.110001,13.45,15.69,1.237164,128.110001,3938,504497.18
04-12-2018,2663.98999,126.620003,13.52,15.52,1.23297,126.620003,9541,1208081.45
4/16/2018,2677.840088,127.629997,13.38,15.72,1.238513,127.629997,4779,609943.76
4/17/2018,2706.389893,127.75,13.41,15.8,1.237317,127.75,3938,503079.5
4/18/2018,2708.639893,127.849998,13.88,16.18,1.237915,127.849998,5632,720051.19
4/19/2018,2693.129883,127.599998,13.77,16.26,1.234553,127.599998,9089,1159756.38
4/23/2018,2670.290039,125.620003,13.92,15.67,1.220897,125.620003,6155,773191.12
4/24/2018,2634.560059,126.230003,13.68,15.76,1.22414,126.230003,6933,875152.61
4/25/2018,2639.399902,125.410004,13.72,15.61,1.217167,125.410004,7298,915242.21
4/26/2018,2666.939941,124.970001,13.77,15.58,1.210962,124.970001,1515,189329.55
4/30/2018,2648.050049,124.589996,13.8,15.38,1.208123,124.589996,3506,436812.53
05-01-2018,2654.800049,123.709999,13.61,15.24,1.199156,123.709999,9343,1155822.52
05-02-2018,2635.669922,123.650002,13.67,15.42,1.1951,123.650002,3702,457752.31
05-03-2018,2629.72998,124.279999,13.82,15.46,1.198926,124.279999,7508,933094.23
05-07-2018,2672.629883,124.57,14.1,15.52,1.193374,124.57,6052,753897.64
05-08-2018,2671.919922,124.589996,14.06,15.51,1.186789,124.589996,2090,260393.09
05-09-2018,2697.790039,124.330002,14.37,15.53,1.184722,124.330002,7297,907236.02
05-10-2018,2723.070068,125.18,14.41,15.74,1.191753,125.18,9938,1244038.84
5/14/2018,2730.129883,124.489998,14.38,15.56,1.193118,124.489998,2990,372225.09
5/16/2018,2725.780029,122.5438,14.4058,15.4542,1.182033,122.5438,4634,567867.97
